id	name
skvr_1	Ahlqvist, A. E.
skvr_2	Ahtia, E.
skvr_3	Andberg, A. F.
skvr_4	Andersson, G. A.
skvr_5	Angervo, P. A.
skvr_6	Ban, Aladar
skvr_7	Basilier, Hj.
skvr_8	Blomqvist, Erkki
skvr_9	Borenius, A. A.
skvr_10	Brander, G. A.
skvr_11	Brander, Untamo
skvr_12	Branders, Anders Adrian
skvr_13	Cleve, K.
skvr_14	Collan, Anni
skvr_15	Engelberg, R. S.
skvr_16	Erkko, J. H.
skvr_17	Europaeus, D. E. D.
skvr_18	Floman, A. V.
skvr_19	Genetz, A.
skvr_20	Gottlund, K. A.
skvr_21	Hällström, A.
skvr_22	Hahl, T.
skvr_23	Hainari, O. A.
skvr_24	Hakulinen, J. H.
skvr_25	Hannikainen ja Vinter
skvr_26	Hannikainen, Lauri
skvr_27	Havukainen, M.
skvr_28	Heinonen, V.
skvr_29	Ikonen, P.
skvr_30	Hoffrén, J.
skvr_31	Holmberg, U.
skvr_32	Holopainen, A.
skvr_33	Hotinen, Juho
skvr_34	Hyttinen, K.
skvr_35	Hyvärinen, Alex
skvr_36	Hyvärinen, E. J.
skvr_37	Hänninen, Laina
skvr_38	Härkönen, Iivo
skvr_39	Härkönen, Jaakko
skvr_40	Jurva, Hilma
skvr_41	Jyväskylän lyseon konventti
skvr_42	Kallio, Alma
skvr_43	Kallio, Niilo
skvr_44	Kallio, Pekka
skvr_45	Kallio, V. J.
skvr_46	Karjalainen, Kr.
skvr_47	Blomstedt-Ojoinen, Yrjö
skvr_48	Länkelä, Jaako
skvr_49	Groundström, Oskar
skvr_50	Karttunen, Uuno
skvr_51	Kemppainen, Eino
skvr_52	Kettunen, Paul
skvr_53	Killinen, Kustaa
skvr_54	Keinänen, O. A. J.
skvr_55	Porkka, Volmari
skvr_56	Rein, Gabriel
skvr_57	Koivisto, Vilho
skvr_58	Kokkonen, Heikki
skvr_59	Kontio, Kalle
skvr_60	Koskinen, A. R.
skvr_61	Tuntematon
skvr_62	Voutilainen, H.
skvr_63	Krohn, Julius
skvr_64	Krohn, Kaarle
skvr_65	Kuopion Isänmaallinen Seura
skvr_66	Kuopion lyseon toverikunta
skvr_67	Kurvinen, P. J.
skvr_68	Kärki, Juho
skvr_69	Könönen, Aulis V.
skvr_70	Lagervall, J. F.
skvr_71	Laitinen, Henrik
skvr_72	Laitinen, M.
skvr_73	Lilius, Lilli
skvr_74	Lonkainen, Jaakko
skvr_75	Lukkarinen, Juho
skvr_76	Lönnbohm, O. A. F.
skvr_77	Lönnrot, Elias
skvr_78	Manninen, Ilmari
skvr_79	Mikkonen, Ida
skvr_80	Muudan mökinmies
skvr_81	Neovius, A. D.
skvr_82	Nervander
skvr_83	Nevalainen, Mandi
skvr_84	Niemi, A. R.
skvr_85	Niittylahden kansanopisto
skvr_86	Nurmio, M.
skvr_87	Ohrt, F.
skvr_88	Okkonen, Onni
skvr_89	Ollilainen, P.
skvr_90	Paavilainen, Albert
skvr_91	Palviainen, Jehki
skvr_92	Pantsu, A.
skvr_93	Paulaharju, Samuli
skvr_94	Pennanen, Matti
skvr_95	Pitkänen, Anni
skvr_96	Pitkänen, Juho
skvr_97	Pohjakallio, K. A.
skvr_98	Polén, R.
skvr_99	Poppius
skvr_100	Poppius, Wilhelm, ja Lagi, Rudolf
skvr_101	Potschtareff, Wasilei
skvr_102	Poutiainen, Paavo
skvr_103	Puustinen, A.
skvr_104	Puustinen, Viljo
skvr_105	Puustinen, Väinö
skvr_106	Päivinen, Valter
skvr_107	Reinholm, H. A.
skvr_108	Relander, J. E.
skvr_109	Relander, O.
skvr_110	Roschier, J. V.
skvr_111	Rytkönen, Antti
skvr_112	Ryynänen, J.
skvr_113	Räisänen, Juho
skvr_114	Salminen, Kaarina
skvr_115	Salminen, Väinö
skvr_116	Schantz, Joh. Filip von
skvr_117	Siitonen, M.
skvr_118	Sirelius, Z.
skvr_119	Sirén, Signe
skvr_120	Sivori, E.
skvr_121	Sjögrén, A. J.
skvr_122	Sjöström, Juhani
skvr_123	Smalén, A.
skvr_124	Maukonen, J.
skvr_125	Soini, Lauri
skvr_126	Sortavalan seminaari
skvr_127	Suhonen, Hilja
skvr_128	Ruotsalainen, J. Fr.
skvr_129	Sutinen, J. H.
skvr_130	Teräsvuori, Konrad
skvr_131	Tiilikainen, P.
skvr_132	Tiitinen, Aukusti
skvr_133	Tuokko, M.
skvr_134	Turpeinen, H.
skvr_135	Turunen, A.
skvr_136	Tuulivaara, Reijo
skvr_137	Granö, Johannes
skvr_138	Reijo, Leander
skvr_139	Vallaskangas, Iida
skvr_140	Vallinmäki, A. J.
skvr_141	Valve, Antti
skvr_142	Varis, Aino
skvr_143	Varonen, Matti
skvr_144	Vartiainen, Eliel
skvr_145	Vartijainen, J. V.
skvr_146	Vihervaara, Eemeli
skvr_147	Vikman, J. H.
skvr_148	Suomalainen, Johannes
skvr_149	Wrede, Gustaf
skvr_150	Väisänen, A. O.
skvr_151	Äyräpää
skvr_152	Räty, A. J.
skvr_153	Seppälä, Santeri
skvr_154	Berg, Olli
skvr_155	Ekberg, L. O.
skvr_156	Juvas, Maija
skvr_157	Herranen, Matti
skvr_158	Hirvonen, Juho
skvr_159	Hyvärinen, H.
skvr_160	Juvonen, J. P.
skvr_161	Karttunen, K. I.
skvr_162	Karvinen, H.
skvr_163	Keckman, K. N.
skvr_164	Kiriloff, Nikolai
skvr_165	Kolehmainen, K.
skvr_166	Kujola, Juho
skvr_167	Kuokkanen, Heikki
skvr_168	Käyhkö, Hanna
skvr_169	Lamminen, Antero
skvr_170	Langinen, Johan
skvr_171	Marttini, Iivana
skvr_172	Massinen, Paul
skvr_173	Nenonen, T.
skvr_174	Ollilainen, A. E.
skvr_175	Osonen, Vilho
skvr_176	Pfaler, K. A.
skvr_177	Pitkänen, Antti
skvr_178	Puhakka, A.
skvr_179	Rantasalo, V.
skvr_180	Rautiainen, O. H.
skvr_181	Reponen, Astrid
skvr_182	Riikonen, J.
skvr_183	Ronkainen, V.
skvr_184	Rosenback, J. A.
skvr_185	Salovaara, Ilmari
skvr_186	Smirnoff, Miron
skvr_187	Juslenius, Daniel
skvr_189	Tereska, Jaakko
skvr_190	Walldén, E. V.
skvr_191	Vartiainen, Antero
skvr_192	Vauhkonen, Pekka
skvr_193	Vesterlund, A.
skvr_194	Vichman, Emil
skvr_195	Pelkonen, Martta
skvr_196	Rahkonen, Aleksanteri
skvr_197	Lesojeff, Petter
skvr_198	Karttunen, K. J.
skvr_199	Aminoff, Torsten Gustav
skvr_200	Arwidsson, A. I.
skvr_201	Helminen, Helmi
skvr_202	Kettunen, Lauri
skvr_204	Matson, Ole
skvr_205	Rapola, Martti
skvr_206	Segerstedt, Albrekt
skvr_207	Skogman, David.
skvr_208	Ahlman, F. F.
skvr_209	Ahonen, Severi
skvr_210	Andersén, V. J.
skvr_211	Brask, G. F.
skvr_212	Böök, David
skvr_213	Carlenius, O. A. J.
skvr_214	Castrén, J. W.
skvr_215	Ekberg, K.
skvr_216	Ellonen, A.
skvr_217	Helsingin Suomalaisen Alkeisopiston konventti
skvr_218	Enäjärvi-Haavio, Elsa
skvr_219	Eskelinen, Lauri
skvr_220	Europaeus, Charlotte
skvr_221	Fabritius, Elin
skvr_222	Ganander, Christfrid
skvr_223	Giers, C. R.
skvr_224	Haataja, Heikki
skvr_225	Haavio, Martti
skvr_226	Hahnsson, Hilja
skvr_227	Rakolainen, A. H.
skvr_228	Halonen, Hj.
skvr_229	Haronen, Ester
skvr_230	Heikkinen, Edith
skvr_231	Helsingin tyttökoululaisia
skvr_232	Hintikka, E. A.
skvr_233	Ripatti, Sylvi
skvr_234	Hirsikoski, Hilda
skvr_235	Hirvonen, J. V.
skvr_236	Hornborg, K. H.
skvr_237	Husgafvel, Konstantin
skvr_238	Huuskonen, Aug.
skvr_239	Hynninen, E. W.
skvr_240	Hynninen, O.
skvr_241	Rytkönen, Ahti
skvr_242	Rytkönen, Aleksander
skvr_243	Rytkönen, Kalle
skvr_244	Hytönen, V.
skvr_245	Hyyryläinen, O.
skvr_246	Hämeenlinnan alakansakouluseminaari
skvr_247	Heporauta, F. A.
skvr_248	Räsänen, Otto
skvr_249	Häyhä, Johannes
skvr_250	Ignatius, K.
skvr_251	Itkonen, Vilho
skvr_252	Jakobson, A. V.
skvr_253	Jakonen, Rauha
skvr_254	Mähönen, Jooseppi
skvr_255	Jäkälä, Juho
skvr_256	Jäntti, V. G.
skvr_257	Järvi, Hanna
skvr_258	Kalervo, Pekka
skvr_259	Kaltiala, J. P.
skvr_260	Kantele, Toini
skvr_261	Karttunen, Eino
skvr_262	Kaukonen, Väinö
skvr_263	Kauppis-Heikki
skvr_264	Kemppi, A.
skvr_265	Kinnunen, A.
skvr_266	Kivelä, Iida
skvr_267	Kohonen, Anni
skvr_268	Kohvakka, Toini
skvr_269	Koistinen, Olli
skvr_270	Kokkonen, Aapeli
skvr_271	Kolehmainen, Albin
skvr_272	Komulainen, Elias
skvr_273	Koskimies, A. V.
skvr_274	Kotikoski, J. W.
skvr_275	Kotkanen, Väinö
skvr_276	Kouvo, Henrik
skvr_277	Kuitunen, Oskari
skvr_278	Kytö, A.
skvr_279	Kärkkäinen, V. J.
skvr_280	Kärävä, Aug.
skvr_281	Lahtelin, Tyyne
skvr_282	Laitinen, G.
skvr_283	Lampen, E.
skvr_284	Lampinen, A.
skvr_285	Lavonius, Vilhelm
skvr_286	Lindeman, Olga
skvr_287	Loukola, Ludvig
skvr_288	Lundqvist, Ingeborg
skvr_289	Luukkonen, Kerttu
skvr_290	Lyytikäinen, Anni
skvr_291	Lång, E.
skvr_292	Makkonen, T. V.
skvr_293	Manninen, W.
skvr_294	Matilainen, Taavi
skvr_295	Mattila, Tuomas
skvr_296	Maxenius, Gabriel
skvr_297	Meriläinen, P.
skvr_298	Mesiäinen, Hilma
skvr_299	Niiranen, Lauri
skvr_300	Nissinen, Alli
skvr_301	Nousiainen, Oskari
skvr_302	Nousiainen, V.
skvr_303	Okkola, T. E.
skvr_304	Oksman, Maria
skvr_305	Ora, Yrjö
skvr_306	Osmonsalo, Erkki
skvr_307	Paasonen, Julius
skvr_308	Paloheimo, Anni
skvr_309	Palonurmen kansakoulun oppilaat
skvr_310	Pasanen, T.
skvr_311	Pelkonen, Antero
skvr_312	Petelius, Juhani
skvr_313	Porthan, Henrik Gabriel
skvr_314	Pulkkinen, Heikki
skvr_315	Puranen, Anni
skvr_316	Puranen, Hilda
skvr_317	Pöyry, Taavi
skvr_318	Rautell, E. F.
skvr_319	Rimppi, Al.
skvr_320	Rissanen, Santeri
skvr_321	Ruotsalainen, L.
skvr_322	Ruotsalainen, Ville
skvr_323	Ruottinen, J.
skvr_324	Ruuttu, Maria
skvr_325	Räihä, Antti
skvr_326	Salenius, J. M.
skvr_327	Savokarjalainen Osakunta
skvr_328	Savolainen, Iivari
skvr_329	Schadewitz, G.
skvr_330	Schadewitz, L.
skvr_331	Schadewitz, Martti
skvr_332	Schlüter, J. G.
skvr_333	Seppälä, G.
skvr_334	Seppänen, Aleks.
skvr_335	Sievänen, Iida
skvr_336	Snellman, Sofia
skvr_337	Sopanen
skvr_338	Valkoja, Ester
skvr_339	Tanttu, August
skvr_340	Pulkkinen, Asko
skvr_341	Malkki, Vilho A.
skvr_342	Pylkkönen, Aaro
skvr_343	Vihavainen, Kusti
skvr_344	Reponen, Otto
skvr_345	Karttunen, Aili
skvr_346	Streng, Harry
skvr_347	Ståhlberg, Kaarlo
skvr_348	Suomalainen, T.
skvr_349	Tanttu, A.
skvr_350	Tarkiainen, Viljo
skvr_351	Taskinen, S. V.
skvr_352	Tepponen, H.
skvr_353	Tiitinen, Martti
skvr_354	Tikkanen, Antti
skvr_355	Tikkanen, Eino
skvr_356	Tikkanen, Fredrik
skvr_357	Tirkkonen, Jussi
skvr_358	Toivonen, Yrjö
skvr_359	Topelius, Zacharias
skvr_360	Tossavainen, Juho
skvr_361	Tossavainen, M.
skvr_362	Tuokko, Jaakko
skvr_363	Tuomala, J. E.
skvr_364	Tuovinen, Inkeri
skvr_365	Tuovinen, Viljo
skvr_366	Törnudd ja Reinius
skvr_367	Varpaisjärven kunnan Lukkarilan kansakoulu
skvr_368	Wegelius, Henrik Eliel
skvr_369	Vehviläinen, Annikki
skvr_370	Weilin, Ebba
skvr_371	Wessman, V. E. V.
skvr_372	Vesterlund, Veikko
skvr_373	Vidbom, K. V.
skvr_374	Vinter, G. J.
skvr_375	Väisänen, M.
skvr_376	Väänänen, Yrjö
skvr_377	Väätänen, A.
skvr_378	Väätäinen, Jalmari
skvr_379	Öfverling, J.
skvr_380	Borg, C. G.
skvr_381	Juutilainen, A. V.
skvr_382	Mäkipalo, Tauno
skvr_383	Ramstedt, A. ja Carlenius, O. A. J.
skvr_384	Aarni, Alma
skvr_385	Aavaranta, Lyyli
skvr_386	Alava, Vihtori
skvr_387	Kuittinen, Alva
skvr_388	Suikka, Antti
skvr_389	Kälviäinen, Arvi
skvr_390	Cederberg, Eino
skvr_391	Festen, H. ja E.
skvr_392	Flink, B.
skvr_393	Heideman, K. F. ja Palmroth, K. W.
skvr_394	Hirsikoski, Erland
skvr_395	Hokkanen, Paul
skvr_396	Hyvärinen, Ida
skvr_397	Hämäläinen, E. G.
skvr_398	Jäkälä, O. V.
skvr_399	Weilin, Yrjö
skvr_400	Karhu, Lyyli
skvr_401	Karvonen, Viljo
skvr_402	Ketonen, K.
skvr_403	Airaksinen, Emil
skvr_404	Koskenjaakko, Anshelm
skvr_405	Karppinen, Juhani
skvr_406	Oksman, Juho
skvr_407	Pulkkinen, Eino
skvr_408	Heimonen, Anni
skvr_409	Hokkanen, Eino
skvr_410	Hynynen, Hanna
skvr_411	Iivanainen, Aino
skvr_412	Ikäheimo, Allan
skvr_413	Kolehmainen, Ville
skvr_414	Koponen, Juho
skvr_415	Korhonen, Lauri
skvr_416	Kutila, Elsa
skvr_417	Launonen, Olavi
skvr_418	Leppänen, August
skvr_419	Lipsanen, Oskar
skvr_420	Mannerheimo, Ville
skvr_421	Juntunen, Liisa
skvr_422	Nissinen, Armas
skvr_423	Pennanen, Olavi
skvr_424	Pesonen, Onni
skvr_425	Pulkkinen, Hannes
skvr_426	Rissanen, Kalle
skvr_427	Rossi, Jaakko
skvr_428	Ruuskanen, August
skvr_429	Räsänen, Lyyli
skvr_430	Räsänen, Paavo
skvr_431	Sepponen, A.
skvr_432	Sundberg, Leo
skvr_433	Tikkanen, Esteri
skvr_434	Toivonen, Tarmo
skvr_435	Halonen, Yrjö
skvr_436	Heiskanen, Väinö
skvr_437	Horttanainen, Erkki
skvr_438	Kainulainen, Samuli
skvr_439	Kava, Kauko
skvr_440	Kekäläinen, A.
skvr_441	Koistinen, Kalle
skvr_442	Komulainen, Heikki
skvr_443	Koskinen, Hannes
skvr_444	Kurho, Eero
skvr_445	Käyhkö, Veli
skvr_446	Laukkanen, Eljas
skvr_447	Leinonen, Aarne
skvr_448	Leppänen, Simo
skvr_449	Nivalainen, Juho
skvr_450	Nuutinen, Eemil
skvr_451	Paajanen, Lyyli
skvr_452	Pasonen, Vilho
skvr_453	Reinikainen, Aarne
skvr_454	Ripatti, Anni
skvr_455	Rossi, Leena
skvr_456	Saastamoinen, Mauri
skvr_457	Silvennoinen, Heikki
skvr_458	Smolander, Anni
skvr_459	Tikkanen, Otto
skvr_460	Vihavainen, Alviina
skvr_461	Voutilainen, Antti
skvr_462	Väisänen, Toivo
skvr_463	Kärkkäinen, Vilhelmiina
skvr_464	Lahti, Jalmari
skvr_465	Lyytikäinen, Veikko
skvr_466	Melander, E.
skvr_467	Meriläinen, Heikki
skvr_468	Mäkeläinen, Aug.
skvr_469	Paasonen, Märtta
skvr_470	Pasanen, Henrik
skvr_471	Paunonen, Aug.
skvr_472	Pitkänen, Erkki
skvr_473	Porin tyttölyseo
skvr_474	Pylvänäinen, K.
skvr_475	Pääkkönen, L. V.
skvr_476	Raatikainen, Eelis
skvr_478	Rissanen, Jalmari
skvr_479	Rönkä, Hilda
skvr_480	Ruhanen, A.
skvr_481	Ruotsalainen, P.
skvr_482	Räsänen, Martti
skvr_483	Eskelinen, A. H.
skvr_484	Aalto, Gabriel
skvr_485	Keskisaari, P. V.
skvr_486	Laitinen, Abram
skvr_487	Kinnunen, Impi
skvr_488	Kuukka, Juho
skvr_489	Kuvaja, O. F.
skvr_491	Kääriäinen, Elis
skvr_492	Varis, Huugo
skvr_493	Virta, Alma
skvr_494	Tanttu, Kasperi
skvr_495	Tuppurainen, A.
skvr_496	Tyyskä, J.
skvr_497	Vainikka, Tahvo
skvr_498	Väänänen, Jorma
skvr_499	Karhumäki, U.
skvr_500	Kovanen, F.
skvr_501	Ojala, I.
skvr_502	Berner, A.
skvr_503	Cajan, J. Fr.
skvr_504	Castrén, M. A.
skvr_505	Fellman, J.
skvr_506	Inha, I. K.
skvr_507	Karjalainen, K.
skvr_508	Jouhki, Sakari
skvr_509	Schröter, Hans Rudolf von
skvr_510	Valtionarkisto
skvr_511	Ranta, Juho
skvr_512	Liljeblad, J. F.
skvr_513	Huovinen, Jakob
skvr_514	Jalkanen, Juho
skvr_515	Keränen, E.
skvr_516	Mustakallio, Jooseppi
skvr_517	Lesonen, Nasti
skvr_518	Marttini, Olona
skvr_519	Prihti, Vihtori
skvr_520	Tolonen, Vilho
skvr_521	Voutila, M.
skvr_522	Juvelius, J. W.
skvr_523	Törneroos, A.
skvr_524	Törneroos ja Tallqvist
skvr_525	Stråhlman, K.
skvr_526	Ahava, Paavo
skvr_527	Saarinen, Eliel
skvr_528	Putkonen, Pekka
skvr_529	Kouhia, J.
skvr_530	Granholm
skvr_531	Jaakkimainen, J. E.
skvr_533	Haltsonen, Aatu
skvr_534	Inki, P.
skvr_535	Kupri, A.
skvr_536	Kärki, Frans
skvr_537	Patomäki, K. A.
skvr_538	Tornion alakouluseminaari
skvr_539	Niukkanen, P.
skvr_540	Kuha, Iisakki
skvr_541	Ikonen, Lyyli
skvr_542	Iho, Aapo
skvr_543	Lorvi, J.
skvr_544	Paturi, S.
skvr_545	Riipinen, Joonas
skvr_546	Tikka, Juuso
skvr_547	Tynni, Kaapre
skvr_548	Räikkönen, Eino
skvr_549	Häyhänen, Johannes
skvr_550	Pajula, Fanny M.
skvr_551	Saxbäck, Fr. A.
skvr_552	Slöör, Kaarlo
skvr_553	Tiihonen, Nikolai
skvr_554	Tiinus, Helena
skvr_555	Valmari, Ari
skvr_556	Virolainen, Matti
skvr_557	Aalto, Juho
skvr_558	Aavikko, Armas
skvr_559	Björck, A.
skvr_560	Saarimaa, Eemil
skvr_561	Laine, Elli
skvr_562	Forsander, A. J.
skvr_563	Heinonen, J. K.
skvr_564	Hildén, A.
skvr_565	Hjorth, G. E.
skvr_566	Häyrinen, Kalle
skvr_567	Höijer E. B.
skvr_568	Iisalo, Kaarlo
skvr_569	Iisalo, Yrjö
skvr_570	Inkilä, Edv.
skvr_571	Isotalo, Paavo
skvr_572	Isotalo, A.
skvr_573	Jaatinen, Jalmari
skvr_574	Jansen, Alma
skvr_575	Kallio, Ilmari
skvr_576	Kangastus, A.
skvr_577	Kannisto, Eero
skvr_578	Ketolainen, Eemil
skvr_579	Kesälä, Eelis
skvr_580	Kivialho, Kaaperi
skvr_581	Kivisaari, Lauri
skvr_582	Koisaari, Alli
skvr_583	Koskenpää, Martta
skvr_584	Koskinen, Lauri
skvr_585	Seppänen, Iina
skvr_586	Kärnä, Saima
skvr_587	Laaksonen, Salli
skvr_588	Laine, M.
skvr_589	Lang, Ingrid
skvr_590	Lehtinen, Arvo
skvr_591	Lehtisalo, T. V.
skvr_592	Leivo, Frans
skvr_593	Liipola, J. S.
skvr_594	Lindqvist, Aleksander
skvr_595	Maanviljelyslyseon Toverikunta
skvr_596	Mannerhovi, N. V.
skvr_597	Marjanen, Vilho
skvr_598	Merikallio, K.
skvr_599	Merilä, Olga
skvr_600	Moision kansakoulu
skvr_601	Myrsky, Vilho
skvr_602	Numminen, Jalo
skvr_603	Nurmi, J. E.
skvr_604	Nyyrikki, Ella
skvr_605	Pennanen, S.
skvr_606	Pero, J. K.
skvr_607	Petersen, Anna
skvr_608	Pettersson, K. V.
skvr_609	Raitio, Elli
skvr_610	Rantasalo, Varma
skvr_611	Rintala, Aili
skvr_612	Roslin, I. A.
skvr_613	Roslin, Yrjö
skvr_614	Saariluoma, Vilho
skvr_615	Saario, Jalmari
skvr_616	Saarni, Sofia
skvr_617	Sjöros, J.
skvr_618	Sonkkila, Hilja
skvr_619	Sonkkila, Linda
skvr_620	Tallgren, Jenny Maria
skvr_621	Tamminen, Emanuel
skvr_622	Tamminen, Vappu
skvr_623	Terhi, Kaarlo
skvr_624	Toivonen, Vihtori
skvr_625	Tuominen, Bertel
skvr_626	Vaarila, N. E.
skvr_627	Vahlberg, K.
skvr_628	Vierumäki, J. V.
skvr_629	Vinter, Helmer
skvr_630	Wittfooth, Erik
skvr_631	Vuola, V.
skvr_632	Vuorenpää, Hilda
skvr_633	Vuori, Eino
skvr_634	Värri, J.
skvr_635	Ylinen, Viktor
skvr_636	Ärfors, Karin
skvr_637	Halikon Toijalan kansakoulu
skvr_638	Cajander, K. A.
skvr_639	Reinius, Th.
skvr_640	Tikkanen, Eino A. H., Tilk J. ja Valve Antti
skvr_641	Peldan, Gabriel
skvr_642	Heikkilä, Andreas Israelinpoika
skvr_643	Florinus, Henricus
skvr_644	Lindström, Johan Adolf
skvr_645	Haszelqvist, Andreas B.
skvr_646	Hallenius, Gregorius A.
skvr_647	Davidis, Albertus
skvr_648	Stiernman, A. A. von
skvr_649	Palmskiöld, Elias
skvr_650	Turun pastorinkanslia
skvr_651	Hemminki Maskulainen
skvr_652	Blåfield, August ja Varelius, Antero
skvr_653	Hämäläis-Osakunta
skvr_654	Salo, Aukusti
skvr_655	Indrenius, Anders
skvr_656	Aaltonen, Esko
skvr_657	Alatalo, Helmi
skvr_658	Andersson, A. G.
skvr_659	Andersson, K. F.
skvr_670	Anthoni, Hj.
skvr_671	Anttila, Eero
skvr_672	Pihtiputaan kirjallinen seura
skvr_673	Castrén K. A.
skvr_674	Degerström, Aksel
skvr_675	Tunkelo, E. A.
skvr_677	Forstadius, Maria
skvr_678	Fri, Iivari
skvr_679	Hästesko, Hilja
skvr_680	Groundstroem, Kalervo
skvr_681	Haarala, Anna
skvr_682	Hakala, Väinö
skvr_683	Halonen, Helmi
skvr_684	Hangasoja, M.
skvr_685	Hardén, Arthur
skvr_686	Harlin, Otto
skvr_687	Harvia, Teuvo
skvr_688	Vaasan suomalaisen lyseon konventti
skvr_689	Hongisto, K. V.
skvr_690	Huitu, Olga
skvr_691	Jaakkola, E.
skvr_692	Johansson, B.
skvr_693	Järvinen, K.
skvr_694	Kala, J. H.
skvr_695	Kallio, Topi
skvr_696	Kalliola, K.
skvr_697	Kannisto, Artturi
skvr_698	Kannisto, Väinö
skvr_699	Kaukoranta, Toivo
skvr_700	Kauppi, Juho
skvr_701	Kekkonen, V.
skvr_702	Keskitalo, E.
skvr_703	Kirjokallio, K.
skvr_704	Kivi, K. R.
skvr_705	Knuutila, Viljo V.
skvr_706	Korpinen, Paavo
skvr_707	Lahtinen, J. N.
skvr_708	Leander, M.
skvr_709	Lehtonen, K. F.
skvr_710	Leino, A.
skvr_711	Leino, G. E.
skvr_712	Leppämäki, Otto
skvr_713	Liimatainen, A.
skvr_714	Längman, K. A.
skvr_715	Marjokorpi, Taavi
skvr_716	Matisto, Jalmari
skvr_717	Mattila, Martti
skvr_718	Mikkola, Edv.
skvr_719	Mäkelä, A. E.
skvr_720	Nieminen, Väinö
skvr_721	Nikula, Suoma
skvr_722	Nyberg, V.
skvr_723	Nylander, E.
skvr_724	Oksanen, J. G.
skvr_725	Perho, Aino
skvr_726	Perttola, Väinö
skvr_727	Petelius, Ina
skvr_728	Pirttinen, Vihtori ja Matilainen, Onni
skvr_729	Puttila, T.
skvr_730	Becker, R. von
skvr_731	Bång, Petrus
skvr_732	Rantanen, Juho
skvr_733	Regnell, Hanna
skvr_734	Rekola, Jukka
skvr_735	Roos, T. I.
skvr_736	Rosberg, J. E.
skvr_737	Rudbäck ja Rothman
skvr_738	Saarinen, Rafael
skvr_739	Salminen, Tyyne
skvr_740	Salonen, S.
skvr_741	Sinisalo, Anni
skvr_742	Sykäri, Hilma
skvr_743	Taipale, Matti
skvr_744	Tallimäki, Emil
skvr_745	Tarvaalan maanviljelyskoulun oppilaat
skvr_746	Toivonen, K. K.
skvr_747	Toppola, J. K.
skvr_748	Tuomarila, Kalle
skvr_749	Turkkila, Väinö
skvr_750	Tengström, Jaakko
skvr_751	Uino, K. E.
skvr_752	Vaara, V. B.
skvr_753	Vallenius, Niilo
skvr_754	Vanamo, Hilma
skvr_755	Varpenius, Einar
skvr_756	Vuojoki, V.
skvr_757	Äijälä, Emilia
skvr_758	Nieminen, U.
skvr_759	Packlén, Väinö
skvr_760	Vesala, W.
skvr_761	Österberg, Maria
skvr_762	Aalto, K. K.
skvr_763	Ahti, O.
skvr_764	Alho, K. E.
skvr_765	Anttila, Hj.
skvr_766	Kaitila, Ilmari
skvr_767	Brandt, Herman
skvr_768	Böök, A. Th.
skvr_769	Domander, L. S.
skvr_770	Ekman, A.
skvr_771	Erkkilä
skvr_772	Eskola, Robert
skvr_773	Fri, August
skvr_774	Grotenfelt, Ossian
skvr_775	Grönblad, Kaarlo
skvr_776	Halonen, K. J.
skvr_777	Hannula, V.
skvr_778	Gummerus, J. ja Ranni
skvr_779	Hirsjärvi, Väinö
skvr_780	Hyppölä, S.
skvr_781	Hämäläinen, D.
skvr_782	Jokela, Kalle
skvr_783	Jäntti, Auk.
skvr_784	Kallio, Kustavi
skvr_785	Kanninen, Aug.
skvr_786	Koivisto, K. V.
skvr_787	Kojonen, R.
skvr_788	Lassila, Anna
skvr_789	Leino, Evert
skvr_790	Lyytinen, A.
skvr_791	Moisio, Otto
skvr_792	Nikulainen, Juho
skvr_793	Närhi, T.
skvr_794	Oikari, Matti
skvr_795	Ollinen, J. F.
skvr_796	Palenius, K. V.
skvr_797	Ragnell, Hanna
skvr_798	Rauhala, K. N.
skvr_799	Regnell, K. V.
skvr_800	Rossander, Aarne
skvr_801	Saario, Arndt
skvr_802	Silfvenius, J.
skvr_803	Sirén, Teodor
skvr_804	Storck, J.
skvr_805	Streng, O.
skvr_806	Suomi, V.
skvr_807	Vallin, E. V.
skvr_808	Valtonen, E.
skvr_809	Varvikko, K. J.
skvr_810	Åberg, K.
skvr_811	Österberg, Mathilda
skvr_812	Aatola, Tyyni
skvr_813	Ahlstedt, M. F.
skvr_814	Ahtee, Vilho
skvr_815	Alanen, Viljo
skvr_816	Alkula, Iisak
skvr_817	Arho, A. O.
skvr_818	Aronsson, T.
skvr_819	Aukee, J.
skvr_820	Ax, M.
skvr_821	Bergius, U
skvr_822	Elers, O. A.
skvr_823	Ennegren, Amanda
skvr_824	Esko, A.
skvr_825	Fager, F. A.
skvr_826	Friman, J.
skvr_827	Färm, Katri
skvr_828	Granqvist, H.
skvr_829	Grönholm, K. B.
skvr_830	Hagner, V. I.
skvr_831	Hahnsson, J. A.
skvr_832	Hankala, Erkki
skvr_833	Hankala, Jussi
skvr_834	Hankala, P.
skvr_835	Hannus, F. V.
skvr_836	Heikkilä, Jalmari
skvr_837	Helin, Olga
skvr_838	Helin, Eevert
skvr_839	Helsingin Suomalainen normaalilyseon toverikunta
skvr_840	Hildén, Konrad
skvr_841	Hirsikoski, Anna
skvr_842	Hollmén, A. A.
skvr_843	Hollo, Elias
skvr_844	Honkasalo, H.
skvr_845	Horila, Tapio
skvr_846	Kankaanpään kansanopistolaiset
skvr_847	Ääri, Iisak
skvr_848	Ikola, Aarne
skvr_849	Ilén, K. H.
skvr_850	Kotiseuden toimitus
skvr_851	Inberg, W.
skvr_852	Isopere, Juho
skvr_853	Jokinen, Nestor
skvr_854	Jussila, K. V.
skvr_855	Järstä, Fr.
skvr_856	Järvinen, Nestor
skvr_857	Kahari, K. E.
skvr_858	Kalliala, Lauri
skvr_859	Kallio, Kaarlo
skvr_860	Kallio, Saima
skvr_861	Kallio, Väinö
skvr_862	Kallioniemi, Anton
skvr_863	Kamppi, Väinö
skvr_864	Katajaranta, Kalle
skvr_865	Kaulén, K.
skvr_866	Kievari, V.
skvr_867	Kiikonen, Anni
skvr_868	Kingelin, Adele
skvr_869	Kivisalo, O.
skvr_870	Korhonen, V.
skvr_871	Korpi, K. N.
skvr_872	Koskilahti, Valfr.
skvr_873	Roslin, M. K.
skvr_874	Kotikoivu, Hilma
skvr_875	Krohn, Ilmari ja Nyberg, M.
skvr_876	Kullaa, E.
skvr_877	Lahtinen, Elli
skvr_878	Laiho, Antto
skvr_879	Laine, T. V.
skvr_880	Laine, Ilma
skvr_881	Lampola, F. O.
skvr_882	Langén, V. J.
skvr_883	Laurila, K. O.
skvr_884	Laurila, Väinö
skvr_885	Lehto, J. W.
skvr_886	Lempainen, Frans
skvr_887	Leppänen, K. V.
skvr_888	Lindgren, Fredrik
skvr_890	Lindroos, J.
skvr_891	Lindström, Olga
skvr_892	Lutonen, Ahto
skvr_893	Lyden, O. L.
skvr_894	Lähteenmäki, J.
skvr_895	Maijala, J.
skvr_896	Manner, Onni
skvr_897	Massa, H.
skvr_898	Mattila, K.
skvr_899	Meurman, Agathon
skvr_900	Mikkola, J. J.
skvr_901	Mikola, J. N.
skvr_902	Mohell, Karl
skvr_903	Moisio, Hilja
skvr_904	Mäkelä, Y.
skvr_905	Mäkinen, Elma
skvr_906	Mäkitalo, S.
skvr_907	Mäntän kansakoulun oppilaat
skvr_908	Niemi, Fr.
skvr_909	Niemi, H.
skvr_910	Nieminen, Aili
skvr_911	Nordlund, E. E.
skvr_912	Nurmela, A.
skvr_913	Nurmi, Frans
skvr_914	Nyberg, Viivi
skvr_915	Nyberg, M.
skvr_916	Ojala, K.
skvr_917	Ojansuu, A. H.
skvr_918	Oksa, Vilho
skvr_919	Oksanen, K.
skvr_920	Paasikivi, V.
skvr_921	Paavo-Kallio, Esa
skvr_922	Pakula, Vihtori
skvr_923	Paldani, P. A.
skvr_924	Palonen, L. A.
skvr_925	Peltonen, Einar
skvr_926	Portin, K. O.
skvr_927	Puno, Arvo
skvr_928	Päivike, Yrjö
skvr_929	Raekallio-Teppo, Vuokko
skvr_930	Rauvola, T. E.
skvr_932	Romppanen, Eevertti
skvr_933	Roosblom, V.
skvr_934	Rutuna, H. E.
skvr_935	Ruusunen, Nikolaus
skvr_936	Räisä, K.
skvr_937	Räystölä, Anna
skvr_938	Saarelainen, Kalle
skvr_939	Salava, Anna-Kaarina
skvr_940	Sallgén, H. J.
skvr_941	Salminen, Viktor
skvr_942	Salokangas, H.
skvr_943	Salokannel, Akseli
skvr_944	Salokorpi, T.
skvr_945	Sammalisto, Lauri
skvr_946	Sandholm, W.
skvr_947	Sankila, Paukku
skvr_948	Santavirta, K. O.
skvr_949	Seppälä, A. F.
skvr_950	Servo, Elli
skvr_951	Setälä, E. N.
skvr_952	Sievänen, Aura
skvr_953	Soutio, K. J.
skvr_955	Starck, Anni
skvr_956	Suomalainen, Jaakko
skvr_957	Maliniemi, Aarno ja Mikkola, J. J.
skvr_958	Suomen Kuvalehden toimitus
skvr_959	Warelius, Antero
skvr_960	Tamminen, Juuse
skvr_961	Tappura, K. F.
skvr_962	Tervaskanto, Juha
skvr_963	Tommila, Fr.
skvr_964	Tuomi, Tuomas
skvr_965	Tyyskä, Eino
skvr_966	Urhonen, Saimi
skvr_967	Vaahtoranta, Into
skvr_968	Vaissi, Emil
skvr_969	Vakkila, K. F.
skvr_970	Valkama, Sylvi
skvr_971	Valldeman, A. J.
skvr_972	Valli, J. V.
skvr_973	Vallinheimo, Joh. W.
skvr_974	Vegelius, Lyydia
skvr_975	Vesterlund, J. E.
skvr_976	Viitanen, F. O.
skvr_977	Jaakkola, Jalmari
skvr_978	Virtanen, Väinö
skvr_979	Vähätalo, Eeti
skvr_980	Vähätykki, K. T.
skvr_981	Välisalo, V. R.
skvr_982	Ylikoski, S.
skvr_983	Äijälä, H.
skvr_984	Österlund, Anni
skvr_985	Ruusu, V.
skvr_986	Teppo, Hannes
skvr_987	Kujonpää, Lyyli
skvr_988	Nurmio, Fr.
skvr_989	Toivonen, Niilo
skvr_990	Finne, Jalmari
skvr_991	Aulanko, A.
skvr_992	Helomaa, Kyllikki
skvr_993	Kaukamaa, L.
skvr_994	Lindqvist, Terttu
skvr_995	Oksanen Katri
skvr_996	Pohjankanervo, T.
skvr_997	Salminen, E
skvr_998	Sanakirjasäätiö, Mytologinen sanakirja
skvr_999	Pentti, S. J.
skvr_1000	Blom, Kaisu
skvr_1001	Hyötyniemi, J. E.
skvr_1002	Alanen, W. ja Ahlstedt, Aaro
skvr_1003	Rosengrén, Athanasius
skvr_1004	Savonen, Taavi
skvr_1005	Etelä-Pohjalainen Osakunta
skvr_1006	Etelä-Pohjanmaan Nuorisoseura
skvr_1007	Huotari, I.
skvr_1008	Brummer, O. J.
skvr_1009	Pentzin, Leino
skvr_1010	Ala-Kamppi, Toivo
skvr_1011	Alanen, P.
skvr_1012	Alanen, Yrjö
skvr_1013	Alaspää, Juho
skvr_1014	Aspelin, J. R.
skvr_1015	Avinen, Matti
skvr_1016	Bäckman
skvr_1017	Elers, H. J.
skvr_1018	Relander, Erkki
skvr_1019	Grönfors, A.
skvr_1020	Tunkkari, H.
skvr_1021	Hannuksela, K.
skvr_1022	Heikkilä, Jaakko
skvr_1023	Hertzberg, Raphael
skvr_1024	Huhtala, J.
skvr_1025	Huhti, P. O.
skvr_1026	Salokannel, Tyyne
skvr_1027	Ilmonen, Jaakko
skvr_1028	Järvinen, Eero ja Lindgren, Fredrik
skvr_1029	Harju, K.
skvr_1030	Kahila, Heikki
skvr_1031	Kankaanranta, O. V.
skvr_1032	Kaukola, F.
skvr_1033	Kesti, S. P.
skvr_1034	Kohtamäki, Ilmari
skvr_1035	Kotkanen, Juho
skvr_1036	Koivisto, Aarne
skvr_1037	Koivisto, E.
skvr_1038	Korpela, S.
skvr_1039	Korpela, Valdemar
skvr_1040	Korpi, I.
skvr_1041	Kortesniemi, J. R.
skvr_1042	Koski, Samuli
skvr_1043	Koskimies, Ilta
skvr_1044	Koskinen, Yrjö
skvr_1045	Kosonen, Lempi
skvr_1046	Kotkanen, Viljo
skvr_1047	Kulkas, Sofia
skvr_1048	Lahtinen, Elina
skvr_1049	Laine, Alma
skvr_1050	Lankoski, S. A.
skvr_1051	Lehtinen, Arvi
skvr_1052	Lepistö, Eino
skvr_1053	Lindroos, T.
skvr_1054	Linna, Eino, S.
skvr_1055	Loukola, Jaakko
skvr_1056	Luutonen, Ahto
skvr_1057	Luukko, F. A.
skvr_1058	Mannfolk, F. A.
skvr_1059	Munck, Edv.
skvr_1060	Murtomäki, Kalle
skvr_1061	Mäenpää, J.
skvr_1062	Mökkiläinen (nimim. )
skvr_1063	Möykky, M. N.
skvr_1064	Nieminen, Juho
skvr_1065	Nyholm, Abel ja Vuorinen, I.
skvr_1066	Pajunen, Kustaa A.
skvr_1067	Paulaharju, Lyyli
skvr_1068	Peltola, Laimi
skvr_1069	Peltonen, Erkki
skvr_1070	Penttala, Viljo
skvr_1071	Pirilä, S.
skvr_1072	Pirskeri, Maria
skvr_1073	Rajamaa, M.
skvr_1074	Rancken, O.
skvr_1075	Rasku, Antti
skvr_1076	Rautaruusu, Paavo
skvr_1077	Rinne, Jaakko
skvr_1078	Risku, F. S.
skvr_1079	Rosnell, J. M.
skvr_1080	Saarelma, Fr.
skvr_1081	Saari, Kustaa
skvr_1082	Sallmén, H. A.
skvr_1083	Salmela, Alfred
skvr_1084	Salmi, S.
skvr_1085	Salovaara, H. E.
skvr_1086	Seppä, H.
skvr_1087	Skultti, J.
skvr_1088	Taittonen, Tuomas
skvr_1089	Takala, E. E.
skvr_1090	Tanner, Tuomas
skvr_1091	Tarkkanen, Matti
skvr_1092	Tarkkanen, Uuno
skvr_1093	Teräs, Jalmari
skvr_1094	Tikanoja, Eevi
skvr_1095	Torvelainen, Juho
skvr_1096	Tuomi, Aino
skvr_1097	Saarinen, Anna-Liisa
skvr_1098	Vihko, Z.
skvr_1099	Vuorela, Toivo
skvr_1100	Wichmann Yrjö
skvr_1101	Yrjänäinen, P.
skvr_1102	Forsblom, Valter W.
skvr_1103	Ahonperä, F. J.
skvr_1104	Keränen, F.
skvr_1105	Europaeus, Aarne
skvr_1106	Snellman, A. H.
skvr_1107	Ahovuori, Anton
skvr_1108	Airila, Martti
skvr_1109	Appelgren, Hjalmar
skvr_1110	Aspelin, H. R.
skvr_1111	Astrén, Ingrid
skvr_1112	Auer, K.
skvr_1113	Burman, S. A.
skvr_1114	Cajan, Arvi
skvr_1115	Cajan, J.
skvr_1116	Calamnius, Rurik
skvr_1117	Skjöldebrand, F.
skvr_1118	Haanpää, Pentti
skvr_1119	Haggrén, Helmi
skvr_1120	Haltsonen, Sulo
skvr_1121	Hannula, Uuno
skvr_1122	Hiivala, J.
skvr_1123	Nuotio, Hilkka
skvr_1124	Hongell, Aune
skvr_1125	Härkönen, A.
skvr_1126	Hyttinen, Matti
skvr_1127	Hällfors, Lydia
skvr_1128	Hämeenaho, Ida
skvr_1129	Hänninen, K.
skvr_1130	Acerbi, Joseph
skvr_1131	Junes, Naimi
skvr_1132	Jääskelä, Sakari
skvr_1133	Kalliokoski, Juho
skvr_1134	Karjalainen, N.
skvr_1135	Kenttämaa, Matti
skvr_1136	Kivioja, V. H.
skvr_1137	Komulainen, A. V.
skvr_1138	Korhonen, Arvi
skvr_1139	Krohn, Väinö
skvr_1140	Kuhmolaisvanhus
skvr_1141	Léman, Johan Gustaf
skvr_1142	Kuijala, Selma
skvr_1143	Kuijala, Ville
skvr_1144	Laakso, Lennart
skvr_1145	Lampinen, Olga
skvr_1146	Latva, M.
skvr_1147	Lencqvist, Erik
skvr_1148	Lindberg, Axel
skvr_1149	Marttinen, Olli
skvr_1150	Mattila, Oskari
skvr_1151	Merikallio, Lauri
skvr_1152	Murman, J. V.
skvr_1153	Myllyoja, Antti
skvr_1154	Mäkelä, Matti
skvr_1155	Nikki, H. A.
skvr_1156	Mikkonen, Adam
skvr_1157	Rapola, Lyyli
skvr_1158	Renqvist, H.
skvr_1159	Luosto, Tahvo
skvr_1160	Niskanen, Hilma
skvr_1161	Haapaveden kansanopistolaiset
skvr_1162	Nyberg, P.
skvr_1163	Närhi, Elise
skvr_1164	Paulaharju, Ahti
skvr_1165	Paulaharju, Aili
skvr_1166	Pettersson, O.
skvr_1167	Pirttisalo, Pasi
skvr_1168	Pisilä, Fanni
skvr_1169	Perä-Pohjolan ja Lapin Kotiseutuyhdistys
skvr_1170	Polvinen, A.
skvr_1171	Puolitaival, MIlja
skvr_1172	Pyrrö, Jalmari
skvr_1173	Qvickström, L.
skvr_1174	Qvigstad, J
skvr_1175	Rauma, Yrjö
skvr_1176	Reguly, Antal
skvr_1177	Saarijärven yhteiskoulu
skvr_1178	Svinhufvud, Ida
skvr_1179	Karsikas, Aug.
skvr_1180	Kemilä, J.
skvr_1181	Hakosalo, Anna-Liisa
skvr_1182	Helaakoski, A. R.
skvr_1183	Ala-Kallas, M. E.
skvr_1184	Mannermaa, Ilmari
skvr_1185	Nuotio, Valo
skvr_1186	Syrjälä, Hannes
skvr_1187	Tamelander, Sylvi
skvr_1188	Tela, Jalmari
skvr_1189	Tuovila, Edvard
skvr_1190	Tuovinen, Aarne
skvr_1191	Viio, Viljo
skvr_1192	Vikki, Vima
skvr_1193	Virkkunen, Aili
skvr_1194	Yliraudanjoki, Maija
skvr_1195	Castrén, Z.
skvr_1197	Räsänen, M.
skvr_1198	Ritola, Juho
skvr_1199	Saksa, Iisakki
skvr_1200	Vilkuna, Kustaa
skvr_1201	Andelin, Anders
skvr_1202	Alopaeus, Aulis
skvr_1203	Ehrström, C.
skvr_1204	Fränti, A.
skvr_1205	Haanpää, H.
skvr_1206	Halonen, Antti
skvr_1207	Heikkinen, Arvid
skvr_1208	Hiltula, Antti
skvr_1209	Honkanen, Eino
skvr_1210	Hyvönen, E.
skvr_1211	Härmä, Heikki
skvr_1212	Idström
skvr_1213	Ikonen, Katri
skvr_1214	Jestilä, J. N.
skvr_1215	Jokinen, Eino
skvr_1216	Jussila, J.
skvr_1217	Jylhänlehto, A.
skvr_1218	Kangas, Jussi
skvr_1219	Karjalainen, Herman
skvr_1220	Kela, Hilja
skvr_1221	Kela, Janne
skvr_1222	Keränen, Hj.
skvr_1223	Keränen, U.
skvr_1224	Kilpinen, Efr.
skvr_1225	Klaavu, W. J.
skvr_1226	Koivukangas, Taneli
skvr_1227	Koivukangas, Veikko
skvr_1228	Kolehmainen, Edith
skvr_1229	Koskinen, Emmi
skvr_1230	Koukkari, Väinö
skvr_1231	Kovalainen, Juho
skvr_1232	Kramsu, E. J.
skvr_1233	Kuusisto, S. A.
skvr_1234	Körkkö, Kalle
skvr_1235	Laitinen, Elina
skvr_1236	Laquist, Birgit
skvr_1237	Leinonen, Anna
skvr_1238	Luiska, Hiski
skvr_1239	Lyttinen, Hilda
skvr_1240	Manninen, Heikki
skvr_1241	Manninen, Mimmi
skvr_1242	Mustakangas, Matti
skvr_1243	Måhlberg, Terho
skvr_1244	Nevala, Eljas
skvr_1245	Nordberg, Lotty
skvr_1246	Ojala, Alina
skvr_1247	Ojanaho, Signe
skvr_1248	Paavola, Jouko
skvr_1249	Pajukoski, Lennart
skvr_1250	Parras, E.
skvr_1251	Peltola, Heikki
skvr_1252	Pentinpuro, Alli
skvr_1253	Pernu, Esteri
skvr_1254	Portimojärvi, Elof
skvr_1255	Pulkkinen, Impi
skvr_1256	Päivärinta, P.
skvr_1257	Raitamaa, Antti
skvr_1258	Raudaskoski, Felix
skvr_1259	Rauha, H. A.
skvr_1260	Rautio, F. M.
skvr_1261	Renlund, Bruno
skvr_1262	Rusila, Olli
skvr_1263	Ruuska, Lempi
skvr_1264	Räisänen, Aarne A.
skvr_1265	Saraniemi, Yrjö
skvr_1266	Savukoski, Kaleb
skvr_1267	Sirviö, J.
skvr_1268	Snellman, P. E.
skvr_1269	Strömberg, Nelma
skvr_1270	Suova, Eino
skvr_1271	Särkelä, J. H.
skvr_1272	Tamelander, Eino
skvr_1273	Timonen, Mauno
skvr_1274	Tolkkinen, Briita Kaisa
skvr_1275	Tuokkola, Lauri
skvr_1276	Turakka, K. A.
skvr_1277	Uljua, M.
skvr_1278	Krogerus-Ritoni, V. J. G.
skvr_1279	Tervo, W. M.
skvr_1280	Vierimaa, J. E.
skvr_1281	Vuorio, Uljas
skvr_1282	Vuorivirta, A. J.
skvr_1283	Luoma, Leander
skvr_1284	Jalvi, Pedar
skvr_1285	Tuohinto, Kyösti
skvr_1286	Säyne
skvr_1287	Viipurin suomalaisen lyseon konventti
skvr_1288	Haalman, E.
skvr_1289	Hakulinen, Lauri
skvr_1290	Hatakka
skvr_1291	Hedlund, Hugo
skvr_1292	Heikkonen
skvr_1293	Heinonen, I. J.
skvr_1294	Hendolin, T.
skvr_1295	Henttonen
skvr_1296	Hietanen
skvr_1297	Hilska
skvr_1298	Hoikkala
skvr_1299	Hultin, Th.
skvr_1300	Hyrkäs
skvr_1301	Högström, Harald
skvr_1302	Immonen, Katri
skvr_1303	Jahnukainen, J.
skvr_1304	Jortikka
skvr_1305	Juvonen
skvr_1306	Kansanen, Erkki
skvr_1307	Kallanen
skvr_1308	Kaukonen, Katri
skvr_1309	Kitunen
skvr_1310	Kitunen, Tuomas
skvr_1311	Koivunen, V. A.
skvr_1312	Koivusalo
skvr_1313	Komonen, Antti
skvr_1314	Korpela
skvr_1315	Koskivaara, Aleksanteri
skvr_1316	Kuikka
skvr_1317	Kuisma
skvr_1318	Kurikka
skvr_1319	Kurppa, Aino
skvr_1320	Kykkänen, Anna
skvr_1321	Laiho, Lauri
skvr_1322	Loponen
skvr_1323	Lääperi
skvr_1324	Mannonen, Ulla
skvr_1325	Matikainen, J.
skvr_1326	Merón, A.
skvr_1327	Meskanen
skvr_1328	Montonen, Kaisu
skvr_1329	Määttänen
skvr_1330	Määttänen, Rebekka
skvr_1331	Määttänen, Aino
skvr_1332	Nenonen
skvr_1333	Nurmiranta, Antti
skvr_1334	Paavilainen
skvr_1335	Paavilainen, Ida
skvr_1336	Paavolainen, Martta
skvr_1337	Pakkanen, Jussi
skvr_1338	Parkki, Kristiina
skvr_1339	Paussu
skvr_1340	Pelkonen, Lauri
skvr_1341	Pettinen, Helmi
skvr_1342	Pirnes
skvr_1343	Pitkänen
skvr_1344	Porkka, Laina
skvr_1345	Raussi, Eljas
skvr_1346	Regnell, C.
skvr_1347	Repo
skvr_1348	Rokka
skvr_1349	Ruuttu
skvr_1350	Saukko, Fr.
skvr_1351	Seppänen
skvr_1352	Tapanainen
skvr_1353	Taponen, Ida
skvr_1354	Taponen, Juho
skvr_1355	Tattari
skvr_1356	Tenhonen
skvr_1357	Toivonen
skvr_1358	Väkiparta, Eero
skvr_1359	Valtonen
skvr_1360	Kirvun Tietävälän nuorisoseuran arkisto
skvr_1361	Uudenkirkon Vammeljoen Nuorisoseuran arkisto
skvr_1362	Kansallismuseon kansatieteellinen osasto
skvr_1363	Vahter
skvr_1364	Laiho, Aili
skvr_1365	Vartiainen, Elsa
skvr_1366	Lemmetty
skvr_1367	Erkko, Elias ja J. H.
skvr_1368	Heinricius, G.
skvr_1369	Viipurin Kelkkalan nuorisoseuran arkisto
skvr_1370	Halinius, Anders
skvr_1371	Eerikäinen, Alma
skvr_1372	Poutanen, Else
skvr_1373	Hahl, Hjalmar
skvr_1374	Heikel, Axel
skvr_1375	Jantunen, T.
skvr_1376	Kajanto, Antero
skvr_1377	Klami, Lauri
skvr_1378	Lemmetty, Johan
skvr_1379	Neuvonen, E. K.
skvr_1380	Pajari, Matti
skvr_1381	Paju, Israel
skvr_1382	Parkki, Sanelma
skvr_1383	Poutanen, Heikki
skvr_1384	Pärssinen, Helmi
skvr_1386	Santamo, Väinö
skvr_1387	Ahokas
skvr_1388	Eeva, J.
skvr_1389	Hannukainen
skvr_1390	Heikkinen
skvr_1391	Heinonen
skvr_1392	Hohtari
skvr_1393	Huuhtanen
skvr_1394	Hynni
skvr_1395	Häkli
skvr_1396	Hännikäinen
skvr_1397	Illi
skvr_1398	Jalonen
skvr_1399	Kaarna
skvr_1400	Kaasalainen
skvr_1401	Karppanen
skvr_1402	Kattelus
skvr_1403	Kauppinen
skvr_1404	Kiiski, T.
skvr_1405	Kilpiö
skvr_1406	Kitula
skvr_1407	Kivelä
skvr_1408	Kojo
skvr_1409	Komi
skvr_1410	Kopra
skvr_1411	Korhonen
skvr_1412	Kukko
skvr_1413	Kylliäinen
skvr_1414	Laitinen
skvr_1415	Lallukka, A.
skvr_1416	Leppänen
skvr_1417	Munnukka
skvr_1418	Mykkänen
skvr_1419	Naukkarinen
skvr_1420	Olkinuora
skvr_1421	Ovaska
skvr_1422	Parikka
skvr_1423	Pekkanen
skvr_1424	Peussa
skvr_1425	Pipatti
skvr_1426	Poskiparta
skvr_1427	Pulakka
skvr_1428	Puputti
skvr_1429	Pusa
skvr_1430	Pääkkönen
skvr_1431	Reijonen
skvr_1432	Reponen
skvr_1433	Räty
skvr_1434	Santamo
skvr_1435	Seppinen
skvr_1436	Soikkeli
skvr_1437	Sokka
skvr_1438	Suni
skvr_1439	Tanninen
skvr_1440	Torvinen
skvr_1441	Uramo
skvr_1442	Varis
skvr_1443	Virolainen
skvr_1444	Virtanen
skvr_1445	Summa, Pentti
skvr_1446	Tomminen, Väinö
skvr_1447	Uudenkirkon kansanopisto
skvr_1448	Räsänen
skvr_1449	Ahtiainen, S. A.
skvr_1450	Anttonen, M.
skvr_1451	Arponen, Aino
skvr_1452	Elenius, Oskari
skvr_1453	Knorring, Frans P. von
skvr_1454	Hurmalainen, Juho
skvr_1455	Häkli, Maria
skvr_1456	Kemppinen, Iivar
skvr_1457	Kähäri, Matti
skvr_1458	Matikainen, Onni
skvr_1459	Myöhänen, Santeri
skvr_1460	Olli, Juho
skvr_1461	Ovaska, T.
skvr_1462	Pitkäpaasi, Arvo
skvr_1463	Saari, Oskari
skvr_1464	Sokka, Antti
skvr_1465	Ahtiainen
skvr_1466	Akkanen
skvr_1467	Berkan
skvr_1468	Eerikäinen
skvr_1469	Kekki, Erkki
skvr_1470	Forsman
skvr_1471	Hupponen
skvr_1472	Ikonen
skvr_1473	Janhunen
skvr_1474	Jussilainen
skvr_1475	Karvonen
skvr_1476	Kiuru
skvr_1477	Kuparinen
skvr_1478	Laisi
skvr_1480	Laukkanen
skvr_1481	Nokelainen
skvr_1482	Ollikainen
skvr_1483	Ottonen
skvr_1484	Paavolainen
skvr_1485	Pellikka
skvr_1486	Ravi
skvr_1487	Rosti
skvr_1488	Sandberg
skvr_1489	Saukkonen
skvr_1490	Siitonen
skvr_1491	Silvasti
skvr_1492	Silvo
skvr_1493	Suutari
skvr_1494	Tiainen
skvr_1495	Toikka
skvr_1496	Vauhkonen
skvr_1497	Suuronen, A.
skvr_1498	Tihinen, Emil
skvr_1499	Snellman, O. W.
skvr_1500	Vikman, P. E.
skvr_1501	Eronen, Gunnar
skvr_1502	Forsman, Toivo
skvr_1503	Haikonen, Toivo
skvr_1504	Hauhia, Taimi
skvr_1505	Heikkonen, Siviä
skvr_1506	Helaharju, Juho
skvr_1507	Henttonen, A.
skvr_1508	Hoikkala, Gunilla
skvr_1509	Huuhtanen, Matti
skvr_1510	Härkönen, Hilja
skvr_1511	Inkiläinen, Esa
skvr_1512	Jortikka, Juho
skvr_1513	Kaasalainen, Amalia
skvr_1514	Karppanen, Topias
skvr_1515	Kinnari, Yrjö
skvr_1516	Snellman, Kirsti
skvr_1517	Kokko, Aino
skvr_1518	Korpela, Jaakko
skvr_1519	Kuisma, Helena
skvr_1520	Kuismanen, Vilho
skvr_1521	Kymäläinen, Ensio
skvr_1522	Kyytinen, Pekka
skvr_1523	Lallukka, Heikki
skvr_1524	Laukkanen, Anna
skvr_1525	Liski, Matti
skvr_1526	Liukkonen, Väinö
skvr_1527	Lääperi, Jaakko
skvr_1528	Matikainen, Olavi
skvr_1529	Munne, Anna
skvr_1530	Munukka, Pietari
skvr_1531	Myllynen, Eine
skvr_1532	Naukkarinen, Eino
skvr_1533	Nenonen, Martti
skvr_1534	Nokelainen, Ida
skvr_1535	Onttonen, Helena
skvr_1536	Orpana, Veikko
skvr_1537	Paavilainen, Simo
skvr_1538	Patrakka, Väinö
skvr_1539	Pelkonen, E.
skvr_1540	Poskiparta, Tauno
skvr_1541	Pulliainen, Liina
skvr_1542	Rissanen, Tyyne
skvr_1543	Ruponen, Matti
skvr_1544	Räty, Tyyne
skvr_1545	Sairanen, Pentti
skvr_1546	Sirelius, U. T.
skvr_1547	Sirkiä, Konstantin
skvr_1548	Smedberg, V. E.
skvr_1549	Terijoen Yhteislyseon oppilaat
skvr_1550	Tiilikainen, Maikki
skvr_1551	Toivonen, Anton
skvr_1552	Torikka, Ida
skvr_1553	Vihtari, Eine
skvr_1554	Teivonen, V.
skvr_1555	Kilpiö, Antti
skvr_1556	Säkkijärven Vilajoen nuorisoseura
skvr_1557	Alamäntylä, M.
skvr_1558	Alanne, Fanni
skvr_1559	Allén, Tyyne
skvr_1560	Andberg, Pentti
skvr_1561	Aronen, Matilda
skvr_1562	Eteläsuomalainen osakunta
skvr_1563	Bjuhr, Gustaf
skvr_1564	Bränny, Jaakko
skvr_1565	Einola, Viktor
skvr_1566	Godenhjelm, B. F.
skvr_1567	Hakalehto, Mimmi
skvr_1568	Halén, Vilho
skvr_1569	Heino, Arvo
skvr_1570	Hemmi, K.
skvr_1571	Hildén, Siiri
skvr_1572	Holstén, Edv.
skvr_1573	Holmberg, W. K.
skvr_1574	Hultin, Hj.
skvr_1575	Husu, Anni
skvr_1576	Kantala, Kirsti
skvr_1577	Kauppinen, Eino
skvr_1578	Kivisoja, Helmi
skvr_1579	Knuutila, Toivo
skvr_1580	Koskinen, Anna
skvr_1581	Ekström, Fanni
skvr_1582	Kärkkäinen, Veijo
skvr_1583	Raunio, Kustaa
skvr_1584	Lassinpelto, Lauri
skvr_1585	Lehtonen, Svante
skvr_1586	Saario, Rakel
skvr_1587	Salmi, Juho
skvr_1588	Tirronen, Uuno
skvr_1589	Vesa, Maria
skvr_1590	Vivolin, Aarne
skvr_1591	Vuorio, Hilda
skvr_1592	Kujala, Hilda
skvr_1593	Lintunen, Ida
skvr_1594	Andelin, Ida
skvr_1595	Andelin, Vilho
skvr_1596	Aro, Heikki
skvr_1597	Hovi, Johannes
skvr_1598	Juselius, Tilda
skvr_1599	Koskinen, Nanny
skvr_1600	Lusenius, Ida
skvr_1601	Malin, Helga
skvr_1602	Mankki, Laura
skvr_1603	Permanto, Elvi
skvr_1604	Vinberg, Aarne
skvr_1605	Vuorela, K.
skvr_1606	Eerola, Edvard
skvr_1607	Silvennoinen, Vieno
skvr_1608	Kujala, Antti
skvr_1609	Lampinen, Lyydi
skvr_1610	Laurinmäki, H. J.
skvr_1611	Lehmusto, Alma
skvr_1612	Lehmusto, Heikki
skvr_1613	Lehtonen, Fanny
skvr_1614	Lindstedt, Armas
skvr_1615	Lindström, K. A.
skvr_1616	Lohi, Kalle
skvr_1617	Louhe, Lempi
skvr_1618	Metso, Aug.
skvr_1619	Multala, M.
skvr_1620	Nieminen, Julia
skvr_1621	Nyholm, Anni
skvr_1622	Nyholm, Saara
skvr_1623	Ollila, Reino
skvr_1624	Palojoki, Sirkka
skvr_1625	Peltolainen, Viljo
skvr_1626	Ranta, Kaarlo
skvr_1627	Renlund, T.
skvr_1628	Ruoppila, Veikko
skvr_1629	Saarto, Maila
skvr_1630	Salminen, Mikael
skvr_1631	Selander, O.
skvr_1632	Silvo, Alma
skvr_1633	Sohlman, K. G.
skvr_1634	Stenroth, Artur
skvr_1635	Suortti, M.
skvr_1636	Teräskivi, Einar
skvr_1637	Uski, Anton
skvr_1638	Valve, J.
skvr_1639	Vehviläinen. Lyyli
skvr_1640	Velho, Osku
skvr_1641	Vikström, Rauha
skvr_1642	Vilola, Saima
skvr_1643	Vuorenpää, Kyllikki
skvr_1644	Vuorio, Toini
skvr_1645	Vuorisalo, Katri
skvr_1646	Lindström, K. A. ja Mikkonen, Adam
skvr_1647	Nyberg, Väinö ja Ylänne, Yrjö
skvr_1648	Kiirikki, Nikolai
skvr_1649	Ljeskov, N.
skvr_1650	Mihailovskaja, M. V.
skvr_1651	Petrelius, V. Rurik
skvr_1652	Ramsay, W.
skvr_1653	Reijonen, Erkki
skvr_1654	Sivén, H. H.
skvr_1655	Sopanen, Olavi
skvr_1656	Rein, Gabriel ja Groundstroem
skvr_1657	Trefurt, Friedrich Ludolph
skvr_1658	Paulaharju, Jenny
skvr_1659	Hannikainen, P. J.
skvr_1660	Poppius, Aabraham
skvr_1661	Pfaler, Väinö
jr_1	Aittomäki, A.
jr_2	Castrén, A.
jr_3	Kolari, A. EIisabeth
jr_4	Iltanen, A. F.
jr_5	Allonen, Albert Henrik
jr_6	Hirsjärvi, A.
jr_7	Hirvimäki, Aune
jr_8	Pirhonen, A. I.
jr_9	Hintikka, A. L.
jr_10	Lindh, A.
jr_11	Kemppainen, A. M.
jr_12	Reijonen, Aino
jr_13	Räty, A.
jr_14	Suvi, Aleksis
jr_15	Hallikainen, Aapeli
jr_16	Kihl, Aapeli
jr_17	Kämpäs, Aapo
jr_18	Mutanen, Aari
jr_19	Anttonen, Aarne
jr_20	Cederberg, Aarne
jr_21	Harjula, Aarne
jr_22	Karjalainen, Aarne
jr_23	Limnell, Aarne
jr_24	Mäkinen, Aarne
jr_25	Piispanen, Aarne
jr_26	Pyykönen, Aarne
jr_27	Salminen, Aarne
jr_28	Sundberg, Aarne
jr_29	Tolkki, Aarne
jr_30	Tuomaala, Aarne
jr_31	Ylänen, Aarne
jr_32	Penttilä, Aarni
jr_33	Silvennoinen, Aaro
jr_34	Kailanpää, Aarre
jr_35	Kristiinan yhteislyseo
jr_36	Korhonen, Aatto V.
jr_37	Ratia, Aatto
jr_38	Virolainen, Aatu
jr_39	Kondula, Abraham
jr_40	Syrjäläinen, Ada
jr_41	Kärnä, Adam
jr_42	Purhonen, Adam
jr_43	Leskinen, Adolfiina
jr_44	Jäntti, Ahti
jr_45	Niemelä, Ahto
jr_46	Allinen, Aila
jr_47	Pihlaja, Aila
jr_48	Enqvist, Aili
jr_49	Heinäkoski, Aili
jr_50	Heiska, Aili
jr_51	Kiviranta, Aili
jr_52	Lehtimäki, Aili
jr_53	Leino, Aili
jr_54	Myllyvirta, Aili
jr_55	Mäkelä, Aili
jr_56	Sivula, Aili
jr_57	Tiitinen, Aili
jr_58	Koskela, Aimo
jr_59	Turunen, Aimo
jr_60	Haapanen, Aina
jr_61	Ravantti, Aino
jr_62	Helakaltio, Aini
jr_63	Hetemaa, Aini
jr_64	Huuskonen, Aini
jr_65	Ikonen, Aini
jr_66	Kivistö, Aini
jr_67	Aaltonen, Aino
jr_68	Haikonen, Aino
jr_69	Hakkarainen, Aino
jr_70	Hanhisalo, Aino
jr_71	Heikkonen, Aino
jr_72	Heiskanen, Aino
jr_73	Hirvonen, Aino
jr_74	Huisko, Aino
jr_75	Häkkinen, Aino
jr_76	Hänninen, Aino
jr_77	Ihatsu, Aino
jr_78	Isotalus, Aino
jr_79	Jänkälä, Aino
jr_80	Konsti, Aino
jr_81	Kosonen, Aino
jr_82	Krohn, Aino
jr_83	Kuninkaanniemi, Aino
jr_84	Lampinen, Aino
jr_85	Lähteenmäki, Aino
jr_86	Makkula, Aino
jr_87	Miettinen, Aino
jr_88	Mäkinen, Aino
jr_89	Nieminen, Aino
jr_90	Niskala, Aino
jr_91	Nissinen, Aino
jr_92	Oksanen, Aino
jr_93	Ollila-Julin, Aino
jr_94	Paasonen, Aino
jr_95	Peltola, Aino
jr_96	Pesonen, Aino
jr_97	Pönniö, Aino
jr_98	Räty, Aino
jr_99	Salo, Aino
jr_100	Tajakka, Aino
jr_101	Vaahtera, Aino
jr_102	Vanninen, Aino
jr_103	Vesterinen, Aino
jr_104	Viertolaakso, Aino
jr_105	Äärinen, Aino
jr_106	Tiilikainen, Aira
jr_107	Paasikallio, Aito
jr_108	Hurmerinta, Akseli
jr_109	Käiväräinen, Albert
jr_110	Rautiainen, Albert
jr_111	Pulkkinen, Albin
jr_112	Sarala, Aleks
jr_113	Tuuloskorpi, Aleks
jr_114	Jerkkola, Aleksi
jr_115	Koskinen, Aleksi
jr_116	Lehtimäki, Aleksi
jr_117	Maksinen, Aleksi
jr_118	Orjatsalo, Aleksi
jr_119	Saavinen, Aleksi
jr_120	Pohjola, Alli
jr_121	Kosonen, Alina
jr_122	Vaittinen, Alina
jr_123	Korhonen, Alli
jr_124	Nevalainen, Aili
jr_125	Paronen, Aili
jr_126	Peltola, Alli
jr_127	Hietanen, Alma
jr_128	Huttunen, Alma
jr_129	Hyväri, Alma
jr_130	Kallonen, Alma
jr_131	Koljonen, Alma
jr_132	Kontunen, Alma
jr_133	Pusa, Alma
jr_134	Tontti, Alma
jr_135	Heilä, Alpo
jr_136	Suomalainen, Alpo
jr_137	Pimiä, Amalia
jr_138	Tolonen, Amalia
jr_139	Bergius, Angelika
jr_140	Antikainen, Anja
jr_141	Herttua, Anja
jr_142	Kuujo, Anja
jr_143	Laapotti, Anja
jr_144	Leinonen, Anja
jr_145	Mikkonen, Anja
jr_146	Hankasalmen kansalaiskoulu
jr_147	Susi, Anja
jr_148	Tsokkinen, Anja
jr_149	Ainonen, Anna
jr_150	Aroma, Anna
jr_151	Liimatainen, Anna E.
jr_152	Heikkinen, Anna
jr_153	Horttanainen, Anna
jr_154	Ihatsu, Anna
jr_155	Jänönen, Anna
jr_156	Kovalainen, Anna
jr_157	Kähkönen, Anna
jr_158	Mantere, Anna
jr_159	Mannonen, Anna Maria
jr_160	Mikkola, Anna
jr_161	Mustajärvi, Anna
jr_162	Myllys, Anna
jr_163	Myllö, Anna
jr_164	Mäkinen, Anna
jr_165	Nurminen, Anna
jr_166	Ohranen, Anna
jr_167	Oikari, Anna
jr_168	Puranen, Anna
jr_169	Pesonen, Anna
jr_170	Pessi, Anna
jr_171	Rouhiainen, Anna
jr_172	Seppänen, Anna
jr_174	Suikkanen, Anna
jr_175	Tornio, Anna
jr_176	Varjonen, Anna
jr_177	Viitala, Anna
jr_178	Voutilainen, Anna
jr_179	Aalto, Anna-Liisa
jr_180	Ruusuvuori, Anna-Liisa
jr_181	Peltomäki, Anneli
jr_182	Suhonen, Anneli
jr_183	Haarala, Anni
jr_184	Heikkilä, Anni
jr_185	Hietakangas, Anni
jr_186	Joutsen, Anni
jr_187	Karjalainen, Anni
jr_188	Kinnula, Anni
jr_189	Koljonen, Anni
jr_190	Laine, Anni
jr_191	Lonka, Anni
jr_192	Mikkonen, Anni
jr_193	Mitrunen, Anni
jr_194	Mykrä, Anni
jr_195	Vornanen, Anni
jr_196	Huutokari, Annikki
jr_197	Harilainen, Anton
jr_198	Sommerseth, Anton J.
jr_199	Taipale, Anton
jr_200	Jeskanen, Antrei
jr_201	Hirvonen, Antti
jr_202	Ikonen, Antti
jr_203	Karppinen, Antti
jr_204	Kurki, Antti
jr_205	Kurra, Antti
jr_206	Laatikainen, Antti
jr_207	Leskinen, Antti
jr_208	Lämsä, Antti
jr_209	Niskanen, Antti
jr_210	Paakkunainen, Antti
jr_211	Pakarinen, Antti
jr_212	Parkkonen, Antti
jr_213	Ranta-Knuuttila, Antti
jr_214	Rosenberg, Antti
jr_215	Rossi, Antti
jr_216	Saukko, Antti
jr_217	Tanninen, Antti
jr_218	Tsokkinen, Antti
jr_219	Kallio, Ari
jr_220	Kojonen, Ari
jr_221	Roikonen, Arja
jr_222	Alkio-opisto
jr_223	Haltia, Armas
jr_224	Tuunainen, Armas
jr_225	Viita, Armas
jr_226	Pyykkö, Armi
jr_227	Pirinen, Arttu
jr_228	Väyrynen, Arttu
jr_229	Hänninen, Artturi
jr_230	Raatikainen, Artturi
jr_231	Railonsala, Artturi
jr_232	Auvinen, Arvi
jr_233	Lonkainen, Arvi
jr_234	Löytömäki, Arvi
jr_235	Pettinen, Arvi
jr_236	Kuusola, Arvid
jr_237	Pahkala, Arvid
jr_238	Hamari, Arvo
jr_239	Linnoja, Arvo
jr_240	Toiviainen, August
jr_241	Väkeväinen, August
jr_242	Tuokko, Auk.
jr_243	Karvonen, Aukusti
jr_244	Pitkänen, Aukusti
jr_245	Tynninen, Auli
jr_246	Ylönen, Aulikki
jr_247	Kaasinen, Aulis
jr_248	Könönen, Aulis
jr_249	Ryyppö, Aulis
jr_250	Hirvonen, Aune
jr_251	Kilpiö, Aune
jr_252	Kivilahti, Aune
jr_253	Korpela, Aune
jr_254	Lavila, Aune
jr_255	Lehtinen, Aune
jr_256	Moilanen, Aune
jr_257	Nuora, Aune
jr_258	Näsälä, Aune
jr_259	Näsänen, Aune
jr_260	Patjas, Aune
jr_261	Pitkänen, Aune
jr_262	Ranki, Aune
jr_263	Ropponen, Aune
jr_264	Savolainen, Aune
jr_265	Valmu, Aune
jr_266	Åker, Aurora
jr_267	Kettu, Benjamin
jr_268	Puumalainen, Bertta
jr_269	Kivelä, Betti
jr_270	Chydenius, E. J.
jr_271	Hildén, D. E.
jr_272	Tsvetkov, Dimitri
jr_273	Ahlström, E.
jr_274	Torsti, E. H.
jr_275	Jääskeläinen, Emppo
jr_276	Kurki-Suonio, E.
jr_277	Laitinen, E.
jr_278	Nyman, E.
jr_279	Virtanen, E. A.
jr_280	Sivonen, E. J.
jr_281	Ahvenainen, Edla
jr_282	Hollstén, Edv.
jr_283	Härkönen, Edvard
jr_284	Ketonen, Eelin
jr_285	Säteri, Eelis
jr_286	Etelälahti, Eemeli
jr_287	Aspinen, Eemil
jr_288	Toukkari, Eemil
jr_289	Heilä, Eero
jr_290	Järventausta, Eero
jr_291	Kansanen, Eero
jr_292	Lehikoinen, Eero
jr_293	Naskali, Eero
jr_294	Pärnänen, Eero
jr_295	Vikström, Eero
jr_296	Välikangas, Eero
jr_297	Hukila, Eeti
jr_298	Heikkinen, Eetu
jr_299	Ampiala, Eeva
jr_300	Hänninen, Eeva
jr_301	Joro, Eeva
jr_302	Kilpelä, Eeva
jr_303	Laato, Eeva
jr_304	Linhola, Eeva
jr_305	Pesonen, Eeva
jr_306	Pessinen, Eeva
jr_307	Tikkala, Eeva
jr_308	Tuohiniemi, Eeva
jr_309	Yliharmi, Eeva
jr_310	Sallinen, Eeva-Liisa
jr_311	Koskinen, Eeva-Maria
jr_312	Linni, Eevi
jr_313	Takala, Eevi
jr_314	Ellilä, Eila
jr_315	Impilahden Kitilän kansakoulu
jr_316	Leppisalo, Eila
jr_317	Antila, Eila
jr_318	Mässeli, Eila
jr_319	Rankinen, Eila
jr_320	Hellsten, Einar
jr_321	Palmunen, Einar
jr_322	Peimi, Einar
jr_323	Autio, Einari
jr_324	Sevola, Einari
jr_325	Thessler, Eine-Maija
jr_326	Hyytinen, Eino A.
jr_327	Asikainen, Eino
jr_328	Hakala, Eino
jr_329	Hartikainen, Eino
jr_330	Hotakainen, Eino
jr_331	Karppinen, Eino
jr_332	Keinänen, Eino
jr_333	Keronen, Eino
jr_334	Kohonen, Eino
jr_335	Kortelainen, Eino
jr_336	Kuutti, Eino
jr_337	Laakkonen, Eino
jr_338	Lappalainen, Eino
jr_339	Leskinen, Eino
jr_340	Linna, Eino
jr_341	Mela, Eino
jr_342	Mähönen, Eino
jr_343	Nevalainen, Eino
jr_344	Nikkilä, Eino
jr_345	Pitkänen, Eino
jr_346	Puustinen, Eino
jr_347	Salakka, Eino
jr_348	Saukkonen, Eino
jr_349	Tauriainen, Eino
jr_350	Toiviainen, Eino
jr_351	Eliala, J.V.
jr_352	Nissi, Eliisa
jr_353	Karjalainen, Elin
jr_354	Korhonen, Elin
jr_355	Aro, Elina
jr_356	Kivelä, Elina
jr_357	Laitila, Elina
jr_358	Nevalainen, Elina
jr_359	Reinikka, Elina
jr_360	Rintamäki, Elina
jr_361	Vekki, Elina
jr_362	Nykänen, Eelis
jr_363	Tokonautio, Ella
jr_364	Fingerroos, Ellen
jr_365	Alho, Elli
jr_366	Kyttälä, Elli
jr_367	Lehmonen, Elli
jr_368	Leimu, Elli
jr_369	Nummelin, Elli
jr_370	Paakkonen, Elli
jr_371	Pulkkinen, Elli
jr_372	Räsänen, Elli
jr_373	Haapakoski, Elma
jr_374	Kärkkäinen, Elma
jr_375	Niiranen, Elma
jr_376	Paajanen, Elma
jr_377	Savolainen, Elma
jr_378	Sorsa, Elma
jr_379	Vähä-Muotia, Elma
jr_380	Tšokkinen, Elmi
jr_381	Eskonen, Elsa
jr_382	Heinonen, Elsa
jr_383	Haavisto, Elsa
jr_384	Jaatinen, Elsa
jr_385	Junkkaala, Elsa
jr_386	Järvinen, Elsa
jr_387	Korhonen, Elsa
jr_388	Kotilainen, Elsa
jr_389	Lahelma, Elsa
jr_390	Niskanen, Elsa
jr_391	Ojala, Elsa
jr_392	Pentti, Elsa
jr_393	Pukonen, Elsa
jr_394	Punkeri, Elsa
jr_395	Putto, Elsa
jr_396	Savolainen, Elsa
jr_397	Strandman, Elsa
jr_398	Keravuori, Elvi
jr_399	Pakarinen, Elvi
jr_400	Pöysti, Elvi
jr_401	Valkonen, Elvi
jr_402	Jantonen, Elviira
jr_403	Hostikka, Emil
jr_404	Ilvesaho, Emil
jr_405	Kerminen, Emil
jr_406	Savolin, Emil
jr_407	Kormano, Emilia
jr_408	Lehmussaari, Emilia
jr_409	Myllymäki, Emilia
jr_410	Okkonen, Emilia
jr_411	Heiska, Emma
jr_412	Lankinen, Emma
jr_413	Jaatinen, Maija
jr_414	Karjalainen, Enni
jr_415	Lammi, Enni
jr_416	Ahvenainen, Erkki
jr_417	Ala-Könni, Erkki
jr_418	Kiviranta, Erkki
jr_419	Kontiola, Erkki
jr_420	Lahti, Erkki
jr_421	Lappi, Erkki
jr_422	Lehtimäki, Erkki
jr_423	Leinonen, Erkki
jr_424	Merjankari, Erkki
jr_425	Pennanen, Erkki
jr_427	Saarinen, Erkki
jr_428	Sinkkonen, Erkki
jr_429	Tammela, Erkki
jr_430	Koivukoski, Ernst
jr_431	Lapveteläinen, Esa
jr_432	Koponen, Esko
jr_433	Häikiö, Ester
jr_434	Marjamaa, Ester
jr_435	Päiväsaari, Ester
jr_436	Koivumäki, Esteri
jr_437	Vatanen, Esteri
jr_438	Penttinen, Eva
jr_439	Pesonius, Eva
jr_440	Vainio, Eva
jr_441	Merola, Evert
jr_442	Posti, F. H.
jr_443	Tossavainen, F.
jr_444	Korhonen, Fanni
jr_445	Kosonen, Fanni
jr_446	Matala, Fanni
jr_447	Salminen, Fanny
jr_448	Vuorinen, Fanny
jr_449	Vuorio, Fanny
jr_450	Tilles, Feliks
jr_451	Palukka, Fiina
jr_452	Vartiainen, Fr.
jr_453	Leino, Frans
jr_454	Lönnfors, Frans
jr_455	Taipale, Frans
jr_456	Bogdanoff, G. H
jr_457	Bogdanoff, G. H.
jr_458	Vallenius, G.
jr_459	Linko, G. L.
jr_460	Tuominen, Gunnar
jr_461	Mannerkorpi, H. A.
jr_462	Rantalaiho, H. A.
jr_463	Ali-Seppälä, H.
jr_464	Kuosmanen, H. E.
jr_465	Harrivirta, H.
jr_466	Hynninen, H.
jr_467	Kontkanen, H.
jr_468	Turunen, H.
jr_469	Hassinen, Hanna
jr_470	Korhonen, Hanna
jr_471	Korte, Hanna
jr_472	Peltonen, Hanna
jr_473	Törn, Hanna
jr_474	Jääskeläinen, Hannes
jr_475	Kyöstilä, Hannes
jr_476	Nykyri, Hannes
jr_477	Pukki, Hannes
jr_478	Sevón, Hannes
jr_479	Vornanen, Hannes
jr_480	Laitinen, Hanski
jr_481	Halttunen, Heidi
jr_482	Heikkinen, Heikki
jr_483	Hovi, Heikki
jr_484	Hyppönen, Heikki
jr_485	Klemola, Heikki
jr_486	Korhonen, Heikki
jr_487	Kuutti, Heikki
jr_488	Liehu, Heikki
jr_489	Pehkoranta, Heikki
jr_490	Raatikainen, Heikki
jr_491	Sorjonen, Heikki
jr_492	Heikkilä, Heimo
jr_493	Hellstedt, Heimo
jr_494	Immonen, Helena
jr_495	Klaus, Helena
jr_496	Salakka, Helena
jr_497	Seppälä, Helena
jr_498	Stenroth, Helena
jr_499	Marjamäki, Helga
jr_500	Utriainen, Helka
jr_501	Kuvaja, Helli
jr_502	Pakarinen, Helli
jr_503	Katila, Hellä
jr_504	Ahonen, Helmi
jr_505	Hanhijoki, Helmi
jr_506	Harju, Helmi
jr_507	Hedman, Helmi
jr_508	Karppinen, Helmi
jr_509	Kortelainen, Helmi
jr_510	Lampinen, Helmi
jr_511	Liimakka, Helmi
jr_512	Linna, Helmi
jr_513	Ranta, Helmi
jr_514	Somero-Seura
jr_515	Seppälä, Helmi
jr_516	Tiisnekka, Helmi
jr_517	Toiviainen, Helmi
jr_518	Vilen, Helmi    
jr_519	Sihvola, Helmi
jr_520	Auranen, Helvi
jr_521	Kuusamo, Helvi
jr_522	Pääkkönen, Helvi
jr_523	Rantanen, Helvi
jr_524	Siirtola, Helvi
jr_525	Tuominen, Helvi
jr_526	Salmi, Hemmo
jr_527	Korpi, Henna
jr_528	Jordan, Herman
jr_529	Kantola, Herman
jr_530	Kari, Herman
jr_531	Poutanen, Herman
jr_532	Harmas, Hertta
jr_533	Asmunti, Hilda
jr_534	Jokela, Hilda
jr_535	Kasurinen, Hilda
jr_536	Kauppinen, Hilda
jr_537	Komulainen, Hilda
jr_538	Kälviäinen, Hilda
jr_539	Möttönen, Hilda
jr_540	Pesonen, Hilda
jr_541	Sillanpää, Hilda
jr_542	Huotarinen, Hilippa
jr_543	Huovinen, Hilja
jr_544	Huusko, Hilja
jr_545	Hyytiäinen, Hilja
jr_546	Kinanen, Hilja
jr_547	Leppänen, Hilja
jr_548	Linde, Hilja
jr_549	Tiira, Hilja
jr_550	Heikkinen, Hilkka
jr_551	Hiiri, Hilkka
jr_552	Huhtala, Hilkka
jr_553	Kesti, Hilkka
jr_554	Korhonen, Hilkka
jr_555	Mannonen, Hilkka
jr_556	Merikallio, Hilkka
jr_557	Savinainen, Hilkka
jr_558	Ilppola, Hilkka-Maija
jr_559	Jussila, Hilma
jr_560	Karppinen, Hilma
jr_561	Lassila, Hilma
jr_562	Lattu, Hilma
jr_563	Miettunen, Hilma
jr_564	Mikkonen, Hilma
jr_565	Pulkkinen, Hilma
jr_566	Seppänen, Hilma
jr_567	Heinonen, Hiski
jr_568	Hanhela, Hj.
jr_569	Salovaara, Hj.
jr_570	Hammar, Hugo
jr_571	Luomanmäki, Hulda
jr_572	Koski, Huoti
jr_573	Hilippälä, Huoti
jr_574	Hämeen Museo
jr_575	Hämeenlinnan vankila
jr_576	Hämäläinen, L. 
jr_577	Ahokas, Ida
jr_578	Anneberg, Ida
jr_579	Hallenberg, Ida
jr_580	Halttunen, Ida
jr_581	Heino, Ida
jr_582	Karke, Ida
jr_583	Koistinen, Ida
jr_584	Kokkarinen, Ida
jr_585	Kreivi, Ida
jr_586	Laine, Ida
jr_587	Launiainen, Ida
jr_588	Myyryläinen, Ida
jr_589	Riihimäki, Ida
jr_590	Sairanen, Ida
jr_591	Utriainen, Ida
jr_592	Venäläinen, Ida
jr_593	Viiliäinen, Ida
jr_594	Vänskä, Ida
jr_595	Hirvonen, Iida
jr_596	Kähkönen, Iida
jr_597	Maaranen, Iida
jr_598	Rautiainen, Iida
jr_599	Kaakinen, Iikka
jr_600	Saarento, Iina
jr_601	Kela, Iines
jr_602	Ievala, Iivari
jr_603	Kemppainen, Iivari
jr_604	Koskelo, Iivari
jr_605	Rönkkönen, Iivari
jr_606	Sauvula, Iivari
jr_607	Kinos, Iivo J.
jr_608	Rakuuna, Ilmari
jr_609	Tuomela, Ilmari
jr_610	Knuutinen, Ilmi
jr_611	Järvinen, Impi
jr_612	Kaljunen, Impi
jr_613	Ollilainen, Impi
jr_614	Piela, Impi
jr_615	Laukkanen, Ingrid
jr_616	Kuikka, Inkeri
jr_617	Kuusisto, Inkeri
jr_618	Lindgren, Irene
jr_619	Rajala, Irene
jr_620	Turjamaa, Irene
jr_621	Kainulainen, Irja
jr_622	Hirvonen, Irma
jr_623	Huttu, Isak
jr_624	Kaasinen, Isak
jr_625	Vilokkinen, Ivan
jr_626	Ikola, J. A.
jr_627	Canstrén, J.
jr_628	Häyry, Juho
jr_629	Aromäki, Juho Kustaa
jr_631	Karhu, J.
jr_632	Kurikka, J.
jr_634	Mustonen, J.
jr_635	Perttola, Juho
jr_636	Puranen, J.
jr_637	Salenius, J.
jr_639	Eliala, J. V.
jr_640	Havu, J. V.
jr_641	Saarelainen, J. V.
jr_642	Viljanen, J.
jr_643	Laurila, Jaakko
jr_644	Hiltunen, Jaakko
jr_645	Mustonen, Jaakko
jr_646	Ritola, Jaakko
jr_647	Sivula, Jaakko
jr_648	Tuovinen, Jaakko
jr_649	Valkonen, Jaakko
jr_650	Haapasalo, Jalmari
jr_651	Heikkinen, Jalmari
jr_652	Ikonen, Jalmari
jr_653	Kuronen, Jalmari
jr_654	Maunula, Jalmari
jr_655	Meurman, Jalmari
jr_656	Mäklin, Jalmari
jr_657	Riipinen, Jalmari
jr_658	Hietakangas, Jalo
jr_659	Kalima, Jalo
jr_660	Leinonen, Janne
jr_661	Simojoki, Janne
jr_662	Popoff, Jefim
jr_663	Ahlstedt, Jenny
jr_664	Huhtelin, Jenny
jr_665	Leppäniemi, Jenny
jr_666	Nevalainen, Jenny
jr_667	Kaunisto, Jenny Silja
jr_668	Junttimäki, Joh.
jr_669	Ahlström, Johan
jr_670	Ahola, Johan
jr_671	Harju, Johan K.
jr_672	Jutila, Johan O.
jr_673	Pirttilahti, Johan
jr_674	Romppanen, Johanna
jr_675	Tiainen, Johanna
jr_676	Tiitinen, Johanna
jr_677	Jokio, Johannes
jr_678	Koivunen, Johannes
jr_679	Kähönen, Johannes
jr_680	Linnankoski, Johannes
jr_681	Lenkkeri, Joonas
jr_682	Vesterinen, Joonas
jr_683	Autio, Jooseppi
jr_684	Sirkiä, Jooseppi
jr_685	Heiskanen, Jorma
jr_686	Jussilainen, Jorma
jr_687	Koivisto, Jorma
jr_688	Partanen, Jorma
jr_689	Pohjanpalo, Jorma
jr_690	Salmela, Josefiina
jr_691	Hopeakoski, Jossi
jr_692	Ritoniemi, Jouki
jr_693	Hautala, Jouko
jr_694	Malkki, Jouko
jr_695	Papunen, Jouko
jr_696	Tolvanen, Jouko
jr_697	Vänni, Juhana
jr_698	Ahola, Juhani
jr_699	Kortesalmi, Juhani
jr_700	Ahtiainen, Juho
jr_701	Oikarinen, Juho
jr_702	Franssila, Juho
jr_703	Hokka, Juho
jr_704	Hyvärinen, Juho
jr_705	Kaartotie, Juho
jr_706	Karvinen, Juho
jr_707	Kettunen, Juho
jr_708	Kohonen, Juho
jr_709	Koivunen, Juho
jr_710	Kolehmainen, Juho
jr_711	Kuronen, Juho
jr_712	Kylliäinen, Juho
jr_713	Kähkönen, Juho
jr_714	Lindsten, Juho
jr_715	Mujunen, Juho
jr_716	Oksanen, Juho
jr_717	Poutanen, Juho
jr_718	Saikkonen, Juho
jr_719	Sairanen, Juho
jr_720	Salo, Juho
jr_721	Salokannel, Juho
jr_722	Sumiloff, Juho
jr_723	Suni, Juho
jr_724	Talikka, Juho
jr_725	Toijonen, Juho
jr_726	Tynkkynen, Juho
jr_727	Vauhkala, Juho
jr_728	Ristanen, Jukka
jr_729	Savolainen, Jukka
jr_730	Hartikainen, Julia
jr_731	Huovinen, Jussi
jr_732	Pajula, Jussi
jr_733	Paulamäki, Jussi
jr_734	Räty, Jussi
jr_735	Kyyrönen, Juuli
jr_736	Maunula, Jyrki
jr_737	Mäntylä, Jyrki
jr_738	Jyväskylän seminaari
jr_739	Eloranta, Kustaa A.
jr_740	Rönkkö, K. Fr.
jr_741	Färm, K. H.
jr_742	Kankaanpää, K. J.
jr_743	Saarela, K. J.
jr_744	Ståhlberg, K. J.
jr_745	Jalkanen, K. J.
jr_746	Heikkilä, K. K.
jr_747	Laitakari, Kaarle
jr_748	Lignell, K. M.
jr_749	Pentti, Kustaa
jr_750	Siitoinen, K.
jr_751	Palosuo, K. U.
jr_752	Vesala, Kaarlo
jr_753	Soini, K. J.
jr_754	Luukola, K. S.
jr_755	Ahlqvist, Kaarina
jr_756	Jaskari, Kaarina
jr_757	Nurmi, Kaarina
jr_758	Aitamäki, Kaarlo
jr_759	Arlin, Kaarlo
jr_760	Eilola, Kaarlo
jr_761	Jokela, Kaarlo
jr_762	Jung, Kaarlo
jr_763	Rankonen, Kaarlo
jr_764	Vainio, Kaija
jr_765	Inkinen, Kaisa
jr_766	Kantola, Kaisa
jr_767	Meri, Kaisa
jr_768	Moilanen, Kaisa
jr_769	Tolonen, Kaisa
jr_770	Väyrynen, Kaisa
jr_771	Jaakkola, Kaisu
jr_772	Jormakka, Kaisu
jr_773	Koskimaa, Kaisu
jr_774	Visuri, Kaisu
jr_775	Aho, Kalle
jr_776	Erkko, Kalle
jr_777	Lastunen, Kalle Hj.
jr_778	Kettunen, Kalle
jr_779	Klink, Valle
jr_780	Liimatainen, Kalle
jr_781	Lukka, Kalle
jr_782	Niva, Kalle
jr_783	Pirinen, Kalle
jr_784	Laukkanen, Kari
jr_785	Tolvanen, Kari
jr_786	Karjalaisen Kulttuurin Edistämissäätiö,  
jr_787	Karjalan kielen sanakirjan toimitus
jr_788	Havia, Katri
jr_789	Heino, Katri
jr_790	Ijäs, Katri
jr_791	Koskelo, Katri
jr_792	Moilanen, Katri
jr_793	Ojala, Katri
jr_794	Pöllänen, Katri
jr_795	Savolainen, Katri
jr_796	Sokka, Katri
jr_797	Ylämäkipää, Katri
jr_798	Talja, Katriina
jr_799	Juntunen, Kauko
jr_800	Korhonen, Kauko
jr_801	Pirinen, Kauko
jr_802	Puranen, Kauko
jr_803	Upo, Kauko
jr_804	Ahti, Keijo
jr_805	Erkkilä, Kerttu
jr_806	Hannula, Kerttu
jr_807	Laukkanen, Kerttu
jr_808	Mustonen, Kerttu
jr_809	Savolainen, Kerttu
jr_810	Turtiainen, Kerttu
jr_811	Öster, Kerttu
jr_812	Stauffer, Kirsti
jr_813	Ikonen, Klaara
jr_814	Hokkanen, Klaudia
jr_815	Niikko, Klaudia
jr_816	Rantsi, Klaudia
jr_817	Koijärven Matkun kansakoulu
jr_818	Lehtonen, Konsta
jr_819	Sirkiä, Konsta
jr_820	Kotikielen seura
jr_821	Ronkainen, Kristiina
jr_822	Kristiinan yhteislyseo, 
jr_823	Halme, Kustaa E.
jr_824	Lahtinen, Kustaa
jr_825	Virtanen, Kustaa
jr_826	Illikainen, Kustaava
jr_827	Heimonen, Kusti
jr_828	Rautiainen, Kusti
jr_829	Heikkilä, Kyllikki
jr_830	Karppinen, Kyllikki
jr_831	Mujunen, Kyllikki
jr_832	Mäkinen, Kyllikki
jr_833	Tiainen, Kyllikki
jr_834	Berg, L. H.
jr_835	Honko, Lauri
jr_836	Partanen, L.
jr_838	Lahden kansanopiston oppilaat
jr_839	Hyvärinen, Lahja
jr_840	Koppanen, Lahja
jr_841	Oljakka, Lahja
jr_842	Hokkanen, Laina
jr_843	Lindström, Laina
jr_844	Kuikka, Lauri
jr_845	Virkki, Laura
jr_846	Airikka, Lauri
jr_847	Alin, Lauri
jr_848	Hanhisalo, Lauri
jr_849	Hämäläinen, Lauri
jr_850	Jakola, Lauri
jr_851	Kilponen, Lauri
jr_852	Kujala, Lauri
jr_853	Lappalainen, Lauri
jr_854	Leskinen, Lauri
jr_855	Lounela, Lauri
jr_856	Niskanen, Lauri
jr_857	Retulainen, Lauri
jr_858	Salo, Lauri
jr_859	Tarkkila, Lauri
jr_860	Virtanen, Leea
jr_861	Helenius, Leena
jr_862	Leinonen, Leena
jr_863	Matinlassi, Leena
jr_864	Miettinen, Leena
jr_865	Saraste, Leena-Marjatta
jr_866	Viljamaa, Leevi
jr_867	Väisänen, Leevi
jr_868	Lehto, Lemmikki
jr_869	Hörkkä, Lempi
jr_870	Lamminpää, Lempi
jr_871	Lehtonen, Lempi
jr_872	Malin, Lempi
jr_873	Paajanen, Lempi
jr_874	Raivio, Lempi
jr_875	Ruismäki, Lempi
jr_876	Torvinen, Lempi
jr_877	Törne, Lempi
jr_878	Vainio, Lempi
jr_879	Jyrälä, Leo
jr_880	Konttinen, Leo
jr_881	Salmivuori, Leo
jr_882	Leskinen, Elma
jr_883	Kahma, Liina
jr_884	Hannu, Liisa
jr_885	Holstila, Liisa
jr_886	Koistinen, Liisa
jr_887	Lano, Liisa
jr_888	Lauttajärvi, Liina
jr_889	Leinonen, Liisa
jr_890	Nuoranen, Liisa
jr_891	Nyström, Lisi
jr_892	Ojasti, Liisa
jr_893	Punttila, Liisa
jr_894	Nyström, Liisi
jr_895	Pihlman, Lilja
jr_896	Virtanen, Lilja
jr_897	Vuorela, Lilli
jr_898	Ruusuvuori, Linda
jr_899	Karvinen, Lyydi
jr_900	Järvelä, Lyydia
jr_901	Kankkunen, Lydia
jr_902	Kinnunen, Lyydia
jr_903	Heinola, Lyyli
jr_904	Home, Lyyli
jr_905	Hyppänen, Lyyli
jr_906	Katainen, Lyyli
jr_907	Korhonen, Lyyli
jr_908	Manner, Lyyli
jr_909	Niiranen, Lyyli
jr_910	Partanen, Lyyli
jr_911	Similä, Lyyli
jr_912	Suomalainen, Lyyli
jr_913	Vuorinen, Lyyli
jr_914	Junttila, M. A.
jr_915	Hämäläinen, Manu
jr_916	Johansson, M.
jr_917	Keränen, M.
jr_918	Korhonen, Matti
jr_919	Pirilä, M. ja Västi, F.
jr_920	Veteläinen, Martta
jr_921	Beloff, Maija
jr_922	Harju, Maija
jr_923	Hassinen, Maija
jr_924	Heikkinen, Maija
jr_925	Kairikko, Maija
jr_926	Koljonen, Maija
jr_927	Kontinen, Maija
jr_928	Kuisma, Maija-Liisa
jr_929	Lintula, Maija
jr_930	Mustonen, Maija
jr_931	Rahkala, Maija
jr_932	Räbinä, Maija
jr_933	Vaarala, Maija
jr_934	Väntti, Maija
jr_935	Äijö, Maija
jr_936	Seppä, Maiju
jr_937	Leinonen, Maikki
jr_938	Pylkkönen, Maila
jr_939	Lehto, Maini
jr_940	Hirvonen, Maire
jr_941	Kalliolahti, Maire
jr_942	Paarmo, Maire
jr_943	Venäläinen, Maire
jr_944	Kimpari, Mandi
jr_945	Korhonen, Mandi
jr_946	Dart, Manta
jr_947	Kääriäinen, Mari
jr_948	Autiomäki, Maria
jr_949	Eskelinen, Maria
jr_950	Jokinen, Maria
jr_951	Kuisma, Maria
jr_952	Laakso, Maria
jr_953	Laurila, Maria
jr_954	Leinonen, Maria
jr_955	Nylund, Maria
jr_956	Pantsu, Maria
jr_957	Pihlaja, Maria
jr_958	Pitkänen, Maria
jr_959	Puukka, Maria
jr_960	Virolainen, Maria
jr_961	Alhava, Marja
jr_962	Kokkoniemi, Marja
jr_963	Suoninen, Marja
jr_964	Sakki, Marja-Leena
jr_965	Saari, Marjariitta
jr_966	Haveri, Marjatta
jr_967	Tuomola, Marjatta
jr_968	Siltamäki, Markus
jr_969	Huttunen, Martta
jr_970	Hyvärinen, Martta
jr_971	Häiväläinen, Martta
jr_972	Janttonen, Martta
jr_973	Kaarama, Martta
jr_974	Kielomaa, Martta
jr_975	Kuikka, Martta
jr_976	Kumpulainen, Martta
jr_977	Kähmi, Martta
jr_978	Laaksonen, Martta
jr_979	Luhtala, Martta
jr_980	Oikkonen, Martta
jr_981	Purmonen, Martta
jr_982	Puumalainen, Martta
jr_983	Ruotsinsalo, Martta
jr_984	Suuntala, Martta
jr_985	Takala, Martta
jr_986	Hämäläinen, Martti
jr_987	Kangas, Martti
jr_988	Karppinen, Martti
jr_989	Koistinen, Martti
jr_990	Luukko, Martti
jr_991	Matilainen, Martti
jr_992	Ojamies, Martti
jr_993	Perttola, Martti
jr_994	Putaala, Martti
jr_995	Pöyhönen, Martti
jr_996	Siivonen, Martti
jr_997	Kemijärven seminaari
jr_998	Roilas, Matias
jr_999	Ahonen, Matti
jr_1000	Perunka, Matti E.
jr_1001	Ikonen, Matti
jr_1002	Jussila, Matti
jr_1003	Järvinen, Matti
jr_1004	Karsikas, Matti
jr_1005	Kervinen, Matti
jr_1006	Kuusi, Matti
jr_1007	Kyllönen, Matti
jr_1008	Kälviäinen, Matti
jr_1009	Leinonen, Matti
jr_1010	Ilkka, Matti M.
jr_1011	Minkkinen, Matti
jr_1012	Moilanen, Matti
jr_1013	Mäkinen, Matti
jr_1014	Paapponen, Matti
jr_1015	Pajunen, Matti
jr_1016	Parviainen, Matti
jr_1017	Poutanen, Matti
jr_1018	Rautiainen, Matti
jr_1019	Räsänen, Matti
jr_1020	Tervo, Matti
jr_1021	Tienari, Matti
jr_1022	Vauhkonen, Matti
jr_1023	Väisänen, Matti
jr_1024	Mattila, Sanna
jr_1025	Kuusitie, Mauno
jr_1026	Peippo, Mauno
jr_1027	Salminen, Mauno
jr_1028	Makkonen, Mauri
jr_1029	Tuunanen, Mauri
jr_1030	Sinisaari, Meeri
jr_1031	Suvikallio, Meeri
jr_1032	Laukkanen, Meiri
jr_1033	Kivi, Meri
jr_1034	Putus, Meri
jr_1035	Heinonen, Miina
jr_1036	Huotari, Miina
jr_1037	Hyttinen, Miina
jr_1038	Pekkarinen, Miina
jr_1039	Jaakkola, Mikko
jr_1040	Kiuru, Michel
jr_1041	Kontu, Mikko
jr_1042	Lämsä, Mikko
jr_1043	Mikkonen, Mikko
jr_1044	Pimiä, Mikko
jr_1045	Rajala, Mikko
jr_1046	Tiilikainen, Mikko
jr_1047	Ratia, Mildred
jr_1048	Lilja, Minna
jr_1049	Nieminen, Minne
jr_1050	Tolvanen, Mirja
jr_1051	Helenius, Mirjam
jr_1052	Lehto, Mirjam
jr_1053	Polkunen, Mirjam
jr_1054	Sassi, Mirjam
jr_1055	Vallius, Mirjam
jr_1056	Lohi, Veera
jr_1057	Liete, Mitro
jr_1058	Mustakirja Lammilta
jr_1059	Harju, Otto Mustakirja
jr_1060	Karikko, N.
jr_1061	Leskov, N.
jr_1062	Plattonen, Niilo
jr_1063	Strömberg, N.
jr_1064	Kinnunen, Naimi
jr_1065	Kumpu, Nasti
jr_1066	Lempinen, Nasti
jr_1067	Turhanen, Natalia
jr_1068	Kosonen, Nelly
jr_1069	Leppäniemi, Nestori
jr_1070	Halonen, Niilo
jr_1071	Isola, Niilo
jr_1072	Leppänen, Niilo
jr_1073	Lindström, Niilo
jr_1074	Nehponen, Niilo
jr_1075	Nikkari, Niilo
jr_1076	Rautavala, Niilo
jr_1077	Pasila, Niilo
jr_1078	Salvola, Niilo
jr_1079	Tolonen, Niilo
jr_1080	Vanajas, Niilo
jr_1081	Volotinen, Niilo
jr_1082	Vornanen, Niilo
jr_1083	Saarela, Niina
jr_1084	Mantsinen, Nikolai
jr_1085	Räisänen, Nikolai
jr_1086	Saavinen, Nikolai
jr_1087	Harju, Nina
jr_1088	Martiskainen, Nina
jr_1089	Metso, Nina
jr_1090	Suominen, O. K.
jr_1091	Loorits, O.
jr_1092	Raatikainen, Optatus
jr_1093	Olander, O. W.
jr_1094	Pätynen, O. V.
jr_1095	Huovinen, Oili
jr_1096	Venäläinen, Oili
jr_1097	Härkönen, Olavi
jr_1098	Lukkari, Olavi
jr_1099	Mäkelä, Olavi
jr_1100	Niemeläinen, Olavi
jr_1101	Niskala, Olavi
jr_1102	Saarela, Olavi
jr_1103	Takalo, Olavi
jr_1104	Heinonen, Olga
jr_1105	Hirvonen, Olga
jr_1106	Hokkanen, Olga
jr_1107	Huurinainen, Olga
jr_1108	Kokkinen, Olga
jr_1109	Leino, Olga
jr_1110	Luoma, Olga
jr_1111	Mikkonen, Olga
jr_1112	Naukkarinen, Olga
jr_1113	Ojala, Olga
jr_1114	Salin, Olga
jr_1115	Seppänen, Olga
jr_1116	Suonmaa, Olga
jr_1117	Ålander, Olga
jr_1118	Heino-Vares, Olli
jr_1119	Kaukoniemi, Olli
jr_1120	Lampela, Olli
jr_1121	Partanen, Olli
jr_1122	Räsänen, Olli
jr_1123	Vänskä, Olli
jr_1124	Paavolainen, Oma Martti
jr_1125	Kalliomaa, Onni
jr_1126	Meriläinen, Onni
jr_1127	Niskanen, Onni
jr_1128	Pelkonen, Onni
jr_1129	Kettunen, Onni V.
jr_1130	Mekri, Ora
jr_1131	Laitinen, O. E.
jr_1132	Merikoski, Oskari
jr_1133	Prihti, Oskari
jr_1134	Väisänen, Oskari
jr_1135	Korosuo, Osmo
jr_1136	Niemi, Osmo
jr_1137	Päivätär
jr_1138	Kuutti, Otto A.
jr_1139	Erkkilä, Otto
jr_1140	Hakulinen, Otto
jr_1141	Harju, Otto
jr_1142	Havia, Otto
jr_1143	Koppanen, Otto
jr_1144	Korhonen, Otto
jr_1145	Manninen, Otto
jr_1146	Nieminen, Otto
jr_1147	Pulkkinen, Otto
jr_1148	Puustinen, Otto
jr_1149	Siljander, Otto
jr_1150	Varemo, Otto
jr_1151	Vartiainen, Otto
jr_1152	Kiianlinna, Outi
jr_1153	Pirttilahti, Outi
jr_1154	Šemeikka, Outi
jr_1156	Kyöttinen, Pekka
jr_1157	Mansikka, P.
jr_1159	Sörman, Pietari
jr_1160	Heikkinen, Paavo
jr_1161	Cajander, Paavo
jr_1162	Helistö, Paavo
jr_1163	Hongisto, Paavo
jr_1164	Koskinen, Paavo
jr_1165	Kytökorpi, Paavo
jr_1166	Leppänen, Paavo
jr_1167	Martikainen, Paavo
jr_1168	Pyykönen, Paavo
jr_1169	Raunio, Paavo
jr_1170	Ruotsalainen, Paavo
jr_1171	Berg, Paul
jr_1172	Heinonen, Paula
jr_1173	Jyrkilä, Paula
jr_1174	Liimatainen, Pauli
jr_1175	Manninen, Pauli
jr_1176	Repo, Paul
jr_1177	Turhanen, Pauli
jr_1178	Muraja, Paulo
jr_1179	Aalto, Pekka
jr_1180	Brofeldt, Pekka
jr_1181	Huttunen, Pekka
jr_1182	Iivonen, Pekka
jr_1183	Jormanainen, Pekka
jr_1184	Kekäläinen, Pekka
jr_1185	Kettunen, Pekka
jr_1186	Kinnunen, Pekka
jr_1187	Lasanen, Pekka
jr_1188	Mikonsaari, Pekka
jr_1189	Mononen, Pekka
jr_1190	Mustonen, Pekka
jr_1191	Pakarinen, Pekka
jr_1192	Pekkinen, Pekka
jr_1193	Pohjanvalo, Pekka
jr_1194	Remsu, Pekka
jr_1195	Romppanen, Pekka
jr_1196	Timonen, Pekka
jr_1197	Ullgren, Pekka
jr_1198	Vipuveräjä, Pekka
jr_1199	Virolainen, Pekka
jr_1200	Vuoljärvi, Pekka
jr_1201	Soini, Pentti
jr_1202	Suhonen, Pentti
jr_1203	Äärinen, Petteri
jr_1204	Horju, Pietar
jr_1205	Pitkänen, Pietari
jr_1206	Huurto, Pirkko
jr_1207	Kullberg, Pirkko
jr_1208	Puumalainen, Pirkko
jr_1209	Raevuori, Pirkko
jr_1210	Rupponen, Pirkko
jr_1211	Tiikkala, Pirkko-Liisa
jr_1212	Porin lyseon murreyhdistys  
jr_1213	Hanninen, Raili
jr_1214	Hyvärinen, Raili
jr_1215	Iso-Heikkilä, Raili
jr_1216	Tervonen, Raili
jr_1217	Saahko, Raisa
jr_1218	Lyytinen, Rakel
jr_1219	Ilkka, Rauha
jr_1220	Jehkinen, Rauha
jr_1221	Pahkala, Rauha
jr_1222	Syrjänen, Rauha
jr_1223	Vihijärvi, Rauha
jr_1224	Vähäsarja, Rauha
jr_1225	Rantasalo, Rauni
jr_1226	Velling, Rauno
jr_1227	Komulainen, Reeta
jr_1228	Virtanen, Reijo
jr_1229	Leinonen, Reino
jr_1230	Piirainen, Reino
jr_1231	Raatikainen, Reino
jr_1232	Raijas, Reino
jr_1233	Rinne, Reino
jr_1234	Silvennoinen, Reino
jr_1235	Sirviö, Reino
jr_1236	Tanskanen, Reino
jr_1237	Partanen, Rieti
jr_1238	Kukkonen, Rikhard
jr_1239	Ritoniemi, Risto
jr_1240	Toiviainen, Risto
jr_1241	Hulkkonen, Ritva
jr_1242	Pitkänen, Ritva Liisa
jr_1243	Mäklin, Ritva
jr_1244	Nirvi, Ruben E.
jr_1245	Kanerva, Ruben
jr_1246	Rautiainen, Rudolf
jr_1247	Kantala, S.
jr_1248	Niemi, S.
jr_1249	Ryynänen, S.
jr_1250	Lyytikäinen, Seth A.
jr_1251	Harju, Saara
jr_1252	Laitinen, Saima
jr_1253	Lilja, Saima
jr_1254	Tenni, Saima
jr_1255	Vaari, Saima
jr_1256	Virsu, Saima
jr_1257	Kankaanpää, Saimi
jr_1258	Malila, Saimi
jr_1259	Moilanen, Saimi
jr_1260	Mutikainen, Saimi
jr_1261	Rantanen, Saimi
jr_1262	Tolonen, Saimi
jr_1263	Räbinä, Sakari
jr_1264	Eerola, Salli
jr_1265	Pajarinen, Salomo
jr_1266	Hakkarainen, Samuel
jr_1267	Sanakirjasäätiön välityksellä, 
jr_1268	Jaakkonen, Sanderi
jr_1269	Eskelinen, Sandra
jr_1270	Susi, Sandra
jr_1271	Söderman, Sandra
jr_1272	Heinikainen, Sanelma
jr_1273	Aalto, Sanni
jr_1274	Ahola, Sanni
jr_1275	Jänönen, Sanni
jr_1276	Tiensuu, Sanni
jr_1277	Happo, Santeri
jr_1278	Huovinen, Santeri
jr_1279	Marttinen, Santtu
jr_1280	Viiliäinen, Saul H.
jr_1281	Vuolle, Seeva
jr_1282	Somerkorpi, Seija
jr_1283	Alho, Selim
jr_1284	Palosaari, Selina
jr_1285	Keränen, Selma
jr_1286	Laurila, Selma
jr_1287	Mattila, Selma
jr_1288	Saikkonen, Selma
jr_1289	Saranen, Selma
jr_1290	Sillanpää, Selma
jr_1291	Suokas, Selma
jr_1292	Tanner, Selma
jr_1293	Tarvajärvi, Selma
jr_1294	Häkkänen, Senja
jr_1295	Puukkoniemi, Senja
jr_1296	Timonen, Senni
jr_1297	Valli, Seppo
jr_1298	Rantala, Seth
jr_1299	Saarikivi, Signe
jr_1300	Elsilä, Sigrid
jr_1301	Hautala, Sigrid
jr_1302	Myllylä, Siiri
jr_1303	Oulasmaa, Siiri
jr_1304	Vaarna, Siiri
jr_1305	Rummukainen, Silja
jr_1306	Virolainen, Silja
jr_1307	Härkönen, Simo
jr_1308	Isakov, Simo
jr_1309	Konsala, Simo
jr_1310	Onoila, Simo
jr_1311	Savolainen, Simo
jr_1312	Korhonen, Sirkka
jr_1313	Kurvinen, Sirkka
jr_1314	Saario, Sirkka
jr_1315	Valjakka, Sirkka
jr_1316	Ellilä, Sirkka-Liisa
jr_1317	Salenius, Sirkka-Liisa
jr_1318	Rajamäki, Sirkku
jr_1319	Tolonen, Sirpa
jr_1320	Lagerstedt, Sisko
jr_1321	Suikkanen, Sisko
jr_1322	Sipilä, Sofia
jr_1323	Hämäläinen, Soili
jr_1324	Taponen, Soini
jr_1325	Repo, Stepan
jr_1326	Ilomäki, Sulevi
jr_1327	Ojala, Sulho
jr_1328	Niskanen, Sulo
jr_1329	Sahila, Sulo
jr_1330	Lintunen, Suoma
jr_1331	Ristimäki, Suoma
jr_1332	Suomalainen Partiopoikaliitto
jr_1333	Suomen Nuoriso-Opisto
jr_1334	Nikula, Svante
jr_1335	Helmi, Sylvi
jr_1336	Kangasharju, Sylvi
jr_1337	Kortemaa, Sylvi
jr_1338	Päiväniemi, Sylvi
jr_1339	Ranta, Sylvi
jr_1340	Röykkee, Sylvi
jr_1341	Särkkälä, Sylvi
jr_1342	Sääski, Sylvi
jr_1343	Söderholm, Sylvi
jr_1344	Haapajoki, Sylvia
jr_1345	Sävelmäkokoelma
jr_1346	Hainari, Tilma ja Hagan, Laura
jr_1347	Helavaara, T.
jr_1348	Lagerstedt, Teuvo
jr_1349	Kaipainen, Taavetti
jr_1350	Korhonen, Taavetti
jr_1351	Tiihonen, Taavetti
jr_1352	Kujala, Taavi
jr_1353	Laaksonen, Taavi
jr_1354	Tuovinen, Taavi
jr_1355	Vanhanen, Taavi
jr_1356	Koskelo, Tahvo
jr_1357	Hakkarainen, Taimi
jr_1358	Kokkonen, Taimi
jr_1359	Koponen, Taimi
jr_1360	Luhtamaa, Taimi
jr_1361	Niironen, Taimi
jr_1362	Pikkarainen, Taimi
jr_1363	Pitkämäki, Taimi
jr_1364	Röök, Taimi
jr_1365	Silfsten, Taisto
jr_1366	Meskanen, Taito
jr_1367	Oinonen, Taito
jr_1368	Vaulo, Talvikki
jr_1369	Tampereen Reaalilyseon Toverikunta,  
jr_1370	Kautovaara, Tapio
jr_1371	Berg, Tauno
jr_1372	Ellilä, Tauno
jr_1373	Haapanen, Tauno
jr_1374	Hämäläinen, Tauno
jr_1375	Soikkeli, Tauno J.
jr_1376	Karilas, Tauno
jr_1377	Kuisma, Tauno
jr_1378	Okkonen, Tauno
jr_1379	Perälä, Tauno
jr_1380	Tolppanen, Tauno
jr_1381	Tuomi, Tauno
jr_1382	Itkonen, Tekla
jr_1383	Rytkölä, Tekla
jr_1384	Rämö, Tenho
jr_1385	Yrjönen, Teodor
jr_1386	Leppänen, Teppo
jr_1387	Rutanen, Terttu
jr_1388	Vuorikoski, Terttu
jr_1389	Teuvan kirkonkylän kansakoulu  
jr_1390	Huttunen, Teuvo E.
jr_1391	Tuira, Teuvo
jr_1392	Schwindt, Theodor
jr_1393	Tasala, Tilda
jr_1394	Ulappa, Tilda
jr_1395	Väyrynen, Tilda
jr_1396	Lukkarinen, Toimi
jr_1397	Huuskonen, Toini
jr_1398	Mandelbacka, Toini
jr_1399	Moilanen, Toini
jr_1400	Tuiremo, Toini
jr_1401	Kaukonen, Toini-Inkeri
jr_1402	Heiskanen, Toivo
jr_1403	Huttunen, Toivo
jr_1404	Immonen, Toivo
jr_1405	Kallio, Toivo
jr_1406	Koilo, Toivo
jr_1407	Kokko, Toivo
jr_1408	Koskinen, Toivo
jr_1409	Nurmi, Toivo
jr_1410	Parviainen, Toivo
jr_1411	Pellikka, Toivo
jr_1412	Piirainen, Toivo
jr_1413	Piiroinen, Toivo
jr_1414	Piitulainen, Toivo
jr_1415	Pylkkänen, Toivo
jr_1416	Rajala, Toivo
jr_1417	Rikkilä, Toivo
jr_1418	Ruotsalainen, Toivo
jr_1419	Räty, Toivo
jr_1420	Salakka, Toivo
jr_1421	Setälä, Toivo
jr_1422	Summanen, Toivo
jr_1423	Tikkanen, Toivo
jr_1424	Ruthenhjelm, Toivo
jr_1425	Kilpiö, Tommi
jr_1426	Korhola, Tommi
jr_1427	Pekkanen, Topi
jr_1428	Kilpi, Topias
jr_1429	Raula, Tuula
jr_1430	Tuntematon kerääjä A
jr_1431	Tuntematon kerääjä B
jr_1432	Tuntematon kerääjä J
jr_1433	Tuntematon kerääjä K
jr_1434	Tuntematon kerääjä M
jr_1435	Tuntematon kerääjä N
jr_1436	Tuntematon kerääjä O 
jr_1437	Tuntematon kerääjä Q
jr_1438	Tuntematon kerääjä T
jr_1439	Onttonen, Tuomas
jr_1440	Rantalainen, Tuomas
jr_1441	Tuomas-Kettunen,, A. R.
jr_1442	Rautiainen, Tuomo
jr_1443	Kittelä, Tuovi
jr_1444	Viitala, Tuula
jr_1445	Hiltunen, Tyyne
jr_1446	Hongisto, Tyyne
jr_1447	Huttunen, Tyyne
jr_1448	Karppinen, Tyyne
jr_1449	Kyllönen, Tyyne
jr_1450	Kärkkäinen, Tyyne
jr_1451	Suuronen, Tyyne
jr_1452	Tuhkanen, Tyyne
jr_1453	Okkonen, U. A.
jr_1454	Mertanen, U.
jr_1455	Partanen, Ulla
jr_1456	Rantanen, Ulla
jr_1457	Järveläinen, Urho
jr_1458	Kortelainen, Urho
jr_1459	Morottaja, Uula
jr_1460	Inkinen, Uuno
jr_1461	Kallunki, Uuno
jr_1462	Viitalähde, Uuno
jr_1463	Uuraan yhteiskoulun toverikunta 
jr_1464	Kallio, V .
jr_1465	Arola, V. A.
jr_1466	Jyrinoja, Vasili
jr_1469	Tujunen, V. R.
jr_1470	Rajaniemi, W.
jr_1471	Sunell, V.
jr_1472	Tuomaala, Väinö
jr_1473	Tolonen, V. R.
jr_1474	Pohjasniemi, Väinö
jr_1475	Castren, Wald.
jr_1476	Ojaniemi, V. A.
jr_1477	Hiltunen, Valter
jr_1478	Turhanen, Valter
jr_1479	Tuukkanen, Vappu
jr_1480	Heikkinen, Warma Kosti
jr_1481	Tolvanen, Varpu
jr_1482	Kotaniemi, Vasili
jr_1483	Okkonen, Veera
jr_1484	Timonen, Veera
jr_1485	Haakana, Veikko
jr_1486	Huotarinen, Veikko
jr_1487	Keränen, Veikko
jr_1488	Koistinen, Veikko
jr_1489	Kärkkäinen, Veikko
jr_1490	Laine, Veikko
jr_1491	Makkonen, Veikko
jr_1492	Talvi, Veikko
jr_1493	Tyrväinen, Veikko
jr_1494	Lappalainen, Veli Olavi
jr_1495	Räsänen, Veli
jr_1496	Harju, Venla
jr_1497	Aalto, Vera
jr_1498	Patrikainen, Vera
jr_1499	Hannula, Verner
jr_1500	Koivisto, Verner
jr_1501	Manninen, Verner
jr_1502	Vesa, Seth
jr_1503	Vetelin Isonkylän Nuorisoseura
jr_1504	Kangasharju, Vieno
jr_1505	Määttänen, Vieno
jr_1506	Rantanen, Vieno
jr_1507	Saari, Vieno
jr_1508	Tiainen, Vieno
jr_1509	Koljonen, Vilho
jr_1510	Lahti, Vihtori
jr_1511	Lohtaja, Vihtori
jr_1512	Räbinä, Viivi
jr_1513	Muuronen, Viktor
jr_1514	Halme, Wilhelmina
jr_1515	Ala-Nojonen, Vilho
jr_1516	Auramo, Vilho
jr_1517	Collanus, Vilho
jr_1519	Kaijanen, Vilho
jr_1520	Kettunen, Vilho
jr_1521	Korhonen, Vilho
jr_1522	Lehmusjoki, Vilho
jr_1523	Lutjonen, Vilho
jr_1524	Luukkonen, Vilho
jr_1525	Mäkirinta, Vilho
jr_1526	Pentikäinen, Vilho
jr_1527	Petrov, Vilho
jr_1528	Pyykkö, Vilho
jr_1529	Seppälä, Vilho
jr_1530	Simonen, Vilho
jr_1531	Tulla, Vilho
jr_1532	Tuukkanen, Vilho
jr_1533	Vartiainen, Vilho
jr_1534	Vinni, Vilho
jr_1535	Ryyppö, Viljami
jr_1536	Korhonen, Viljo
jr_1537	Paajanen, Viljo
jr_1538	Partanen, Viljo
jr_1539	Purontaa, Viljo
jr_1540	Rautavaara, Viljo
jr_1541	Ruth, Viljo
jr_1542	Savolainen, Viljo
jr_1543	Tervonen, Viljo
jr_1544	Turpeinen, Viljo
jr_1545	Vartiainen, Viljo
jr_1546	Kolu, Vilho
jr_1547	Koivukangas, Wille
jr_1548	Muilu, Ville
jr_1549	Sottinen, Vili
jr_1550	Timonen, Ville
jr_1551	Toikka, Ville
jr_1552	Haarala, Virpi
jr_1553	Kares, Vuokko
jr_1554	Melin, Vuokko
jr_1555	Havia, Väinö
jr_1556	Komu, Väinö
jr_1557	Kukkonen, Väinö
jr_1558	Lehtoalho, Väinö
jr_1559	Nevalainen, Väinö
jr_1560	Räsänen, Väinö
jr_1561	Saimala, Väinö
jr_1562	Similä, Väinö
jr_1563	Talvio, Väinö
jr_1564	Toivonen, Väinö
jr_1565	Varis, Väinö
jr_1566	Väisänen, Väinö
jr_1567	Vöyrin seminaari
jr_1568	Isokungas, Yrjö
jr_1569	Jalkanen, Yrjö
jr_1570	Ketola, Yrjö
jr_1571	Koskelainen, Yrjö
jr_1572	Leipälä, Yrjö
jr_1573	Lindman, Yrjö
jr_1574	Meriö, Yrjö
jr_1575	Miikkulainen, Yrjö
jr_1576	Mikkonen, Yrjö
jr_1577	Penttinen, Yrjö
jr_1578	Rouvinen, Yrjö
jr_1579	Sonkasalo, Yrjö
jr_1580	Suihke, Yrjö
jr_1581	Tiihonen, Yrjö
jr_1582	Velling, Yrjö
jr_1583	Hämäläinen, Juho
jr_1584	Latvala Matti
jr_1585	Laitinen, Nikolai
jr_1586	Saarinen, Helmi
jr_1587	Angeria, Aleksander
